CREATE DATABASE  IF NOT EXISTS `onlineretailstore` /*!40100 DEFAULT CHARACTER SET utf8mb4 COLLATE utf8mb4_0900_ai_ci */ /*!80016 DEFAULT ENCRYPTION='N' */;
USE `onlineretailstore`;
-- MySQL dump 10.13  Distrib 8.0.32, for Win64 (x86_64)
--
-- Host: 127.0.0.1    Database: onlineretailstore
-- ------------------------------------------------------
-- Server version	8.0.32

/*!40101 SET @OLD_CHARACTER_SET_CLIENT=@@CHARACTER_SET_CLIENT */;
/*!40101 SET @OLD_CHARACTER_SET_RESULTS=@@CHARACTER_SET_RESULTS */;
/*!40101 SET @OLD_COLLATION_CONNECTION=@@COLLATION_CONNECTION */;
/*!50503 SET NAMES utf8 */;
/*!40103 SET @OLD_TIME_ZONE=@@TIME_ZONE */;
/*!40103 SET TIME_ZONE='+00:00' */;
/*!40014 SET @OLD_UNIQUE_CHECKS=@@UNIQUE_CHECKS, UNIQUE_CHECKS=0 */;
/*!40014 SET @OLD_FOREIGN_KEY_CHECKS=@@FOREIGN_KEY_CHECKS, FOREIGN_KEY_CHECKS=0 */;
/*!40101 SET @OLD_SQL_MODE=@@SQL_MODE, SQL_MODE='NO_AUTO_VALUE_ON_ZERO' */;
/*!40111 SET @OLD_SQL_NOTES=@@SQL_NOTES, SQL_NOTES=0 */;

--
-- Table structure for table `admin`
--

DROP TABLE IF EXISTS `admin`;
/*!40101 SET @saved_cs_client     = @@character_set_client */;
/*!50503 SET character_set_client = utf8mb4 */;
CREATE TABLE `admin` (
  `admin_id` varchar(8) NOT NULL,
  `email_id` varchar(50) NOT NULL,
  `password` varchar(50) NOT NULL,
  `phone_number` varchar(50) NOT NULL,
  PRIMARY KEY (`admin_id`)
) ENGINE=InnoDB DEFAULT CHARSET=utf8mb4 COLLATE=utf8mb4_0900_ai_ci;
/*!40101 SET character_set_client = @saved_cs_client */;

--
-- Dumping data for table `admin`
--

LOCK TABLES `admin` WRITE;
/*!40000 ALTER TABLE `admin` DISABLE KEYS */;
INSERT INTO `admin` VALUES ('ADMIN001','isproston0@adobe.com','0iCx0Ov2c','1216310256'),('ADMIN002','adougill1@storify.com','x2KYP4','6257186633'),('ADMIN003','hfiveash2@github.io','hwT12vNRj1T0','3137349248'),('ADMIN004','obryant3@bravesites.com','pWL1PT','4666716867'),('ADMIN005','jbraune4@barnesandnoble.com','59Xj2FQtxh','5169450211'),('ADMIN006','rcassedy5@about.me','FFtm9qKupz7R','8156914734'),('ADMIN007','mkingsley6@independent.co.uk','1SvAWz3','8281026125'),('ADMIN008','burien7@nasa.gov','ykBU480IWDwA','8068854376'),('ADMIN009','ngatherell8@wiley.com','3UHasQQgAdt','3977367707'),('ADMIN010','gswancott9@stumbleupon.com','85PLy38KTuMC','2387171840'),('ADMIN011','lerrigoa@yellowbook.com','L5sAin5yBt','8203271470'),('ADMIN012','mforresterb@google.de','AdtCnlrScxtc','8007852499'),('ADMIN013','csconesc@surveymonkey.com','qnikPo7IeYp2','5305354639'),('ADMIN014','aisaksend@dot.gov','9apShXr0v','9036854950'),('ADMIN015','siaduccellie@admin.ch','asNCppvpfH','2199537405'),('ADMIN016','cpesterfieldf@surveymonkey.com','j2oVwMHX','4557713060'),('ADMIN017','tcullinang@wikispaces.com','pWMZ9e','1405657206'),('ADMIN018','afliegh@feedburner.com','4npJI1vYgV','5675671057'),('ADMIN019','mgridleyi@google.com.au','jhgvA26Y5DeB','1753586024'),('ADMIN020','bsowlej@washington.edu','ZU32xX4Hu','9803928099'),('ADMIN021','mmorenok@naver.com','mVr0ToqaJ','1427031981'),('ADMIN022','ttegginl@dell.com','yXl8l1ecc','3227924224'),('ADMIN023','gmabbuttm@cpanel.net','xKBBEEKhr4i','8873363608'),('ADMIN024','aspuffardn@jalbum.net','0fYC8m','1269621580'),('ADMIN025','dcockayneo@youtu.be','Kv8SQMaOT','7475464235'),('ADMIN026','opolyep@hubpages.com','BCKmUXR','5999161535'),('ADMIN027','idunabieq@yahoo.co.jp','bwj0Z0M3i','2086996824'),('ADMIN028','hporkissr@bizjournals.com','LCezgpk','6405641815'),('ADMIN029','dhucks@google.com','3c1HZAa','6564294796'),('ADMIN030','bbentt@nifty.com','xxSa13u','3501143990'),('ADMIN031','imanvelleu@chron.com','DrY71AMnwfGT','3569900725'),('ADMIN032','dpraundlinv@ehow.com','MdtZe8YvZx','4229839236'),('ADMIN033','owardalew@newsvine.com','tFHBxTbjFh8','4875948766'),('ADMIN034','wkainesx@google.nl','k0XvELIH1LF','2322739580'),('ADMIN035','aconochiey@bizjournals.com','QTIW6WX0tVKQ','4764904049'),('ADMIN036','hpachmannz@ft.com','EAdy7CXwZAy','2446112909'),('ADMIN037','cmaster10@ning.com','rfYpVF','6952220828'),('ADMIN038','dewell11@engadget.com','idCKel1Tv','7324182051'),('ADMIN039','jjeromson12@constantcontact.com','gNs9bOMfn','2959324908'),('ADMIN040','ptroy13@google.com.br','x4SGut2a5c','4958430528'),('ADMIN041','xsavage14@godaddy.com','4Tt3g5rnbrW','4447824247'),('ADMIN042','hmackro15@opensource.org','qneEVzRC','5832735779'),('ADMIN043','domeara16@infoseek.co.jp','9qQnnyfaNRcC','9289805031'),('ADMIN044','magget17@yale.edu','600nQoqIH6y','7264191403'),('ADMIN045','lcharlson18@aboutads.info','sg54rL7A1yvB','4124501172'),('ADMIN046','bmuscat19@hatena.ne.jp','CBhWG640ycH','7308876754'),('ADMIN047','rstowgill1a@washingtonpost.com','icyL0k1Om','3533460948'),('ADMIN048','tdrynan1b@clickbank.net','dYStVXSo','5238677142'),('ADMIN049','sjillard1c@mysql.com','KzFMxUsz553','6789378230'),('ADMIN050','ffilov1d@fema.gov','5JPtnH0I50Z','2195730854'),('ADMIN051','dmeneux1e@creativecommons.org','rJfqLuoa','3339342312'),('ADMIN052','rpreddy1f@printfriendly.com','QPbIF9V','8088750689'),('ADMIN053','tdulake1g@hp.com','MVHe113nJ','7548210163'),('ADMIN054','rrubenfeld1h@qq.com','m1h3bIyqYbT','1822512331'),('ADMIN055','scavil1i@who.int','M1NfQfEtRt','7796666847'),('ADMIN056','gbullene1j@oracle.com','3pfL6qV','2322052626'),('ADMIN057','jpossek1k@prweb.com','38BWzd','1582822963'),('ADMIN058','dtommei1l@ocn.ne.jp','HjzzJqjwGw','5628715067'),('ADMIN059','fhaskur1m@discuz.net','kwKsFDMHb','3055692109'),('ADMIN060','lollcott1n@quantcast.com','iyAGx1q','9483146024'),('ADMIN061','csnelson1o@wikipedia.org','fXAAYF','9188776269'),('ADMIN062','xpuig1p@jugem.jp','5Ak3sjE4m0p','8042296901'),('ADMIN063','smcdool1q@theatlantic.com','dhfgvY','9189695118'),('ADMIN064','zsmalles1r@statcounter.com','jQNA7vS','1497230018'),('ADMIN065','dolivie1s@yolasite.com','yVloUaZDc3J','5983206032'),('ADMIN066','mmorais1t@merriam-webster.com','NekR56F','7927511222'),('ADMIN067','tgentery1u@admin.ch','bGXh5ZcY','5147541678'),('ADMIN068','enizard1v@ning.com','ZaCnufUBkZT','8925526113'),('ADMIN069','tmertel1w@google.com.br','xV91dRq','6714202380'),('ADMIN070','vstowell1x@amazon.com','3WNdoFEZ33mv','9464595466'),('ADMIN071','jjeffs1y@prweb.com','dmG9Slt','8335749256'),('ADMIN072','sskeen1z@phpbb.com','FVhiFET','3101610491'),('ADMIN073','ldown20@quantcast.com','08Ipv5IOf2aA','5303378611'),('ADMIN074','cdyerson21@ox.ac.uk','bClw6Ur2M5t7','1504227130'),('ADMIN075','cswales22@dyndns.org','KPlaIHHZtfA','1176343015'),('ADMIN076','oelecum23@ehow.com','rvs3cgIuq','1683807698'),('ADMIN077','godyvoy24@bandcamp.com','Fur3MnVIAjsu','5829724785'),('ADMIN078','sraggatt25@youtu.be','92Y9ST','6272540305'),('ADMIN079','maggis26@blog.com','Mk2HiIbriC','6318759216'),('ADMIN080','bhadigate27@wsj.com','HhaZaS86puN','1691706157'),('ADMIN081','oschaffel28@va.gov','scdL7EZ','6825005756'),('ADMIN082','hmckelvey29@ycombinator.com','lxNwwfRwF1NK','7386025020'),('ADMIN083','bterrington2a@unblog.fr','yORpVVK','9711387346'),('ADMIN084','cnacey2b@topsy.com','PEe6eQPznSSa','2403766101'),('ADMIN085','dmehmet2c@si.edu','kCooJwH4','7077820705'),('ADMIN086','ajakubowicz2d@yellowbook.com','2ehjDL94','1113410980'),('ADMIN087','htooker2e@tripod.com','7XPxAKGEL','2455562288'),('ADMIN088','khazle2f@myspace.com','aSj0sAKxl','5498802350'),('ADMIN089','mbattie2g@amazon.de','YPIsuJCC','6021831828'),('ADMIN090','sacome2h@google.com.au','UiOQifUwwis9','2939819864'),('ADMIN091','ppabelik2i@businesswire.com','3r5fBsG0','7826351227'),('ADMIN092','wvaladez2j@fema.gov','0obDEIN6','8769044516'),('ADMIN093','laxelby2k@columbia.edu','DHQqSWuBKd8','2044018453'),('ADMIN094','jivatt2l@typepad.com','TZoysIo','4328724282'),('ADMIN095','hmelin2m@rakuten.co.jp','Ra34EmSaW8','4019874606'),('ADMIN096','adoddrell2n@nifty.com','8Y8li1Xtj2','5736444926'),('ADMIN097','cburmaster2o@arizona.edu','JdtwjvN','6143824595'),('ADMIN098','boshesnan2p@narod.ru','2s0QXG7JmA9','6928048730'),('ADMIN099','yhourihane2q@washington.edu','hf1X2ROM','9246719200'),('ADMIN100','mrenzullo2r@sogou.com','5OGWCxm7hxh','4163487864');
/*!40000 ALTER TABLE `admin` ENABLE KEYS */;
UNLOCK TABLES;

--
-- Table structure for table `authentication_credentials`
--

DROP TABLE IF EXISTS `authentication_credentials`;
/*!40101 SET @saved_cs_client     = @@character_set_client */;
/*!50503 SET character_set_client = utf8mb4 */;
CREATE TABLE `authentication_credentials` (
  `customer_id` varchar(7) DEFAULT NULL,
  `login_id` int NOT NULL,
  `password` varchar(50) NOT NULL,
  KEY `customer_id` (`customer_id`),
  CONSTRAINT `authentication_credentials_ibfk_1` FOREIGN KEY (`customer_id`) REFERENCES `customer` (`customer_id`)
) ENGINE=InnoDB DEFAULT CHARSET=utf8mb4 COLLATE=utf8mb4_0900_ai_ci;
/*!40101 SET character_set_client = @saved_cs_client */;

--
-- Dumping data for table `authentication_credentials`
--

LOCK TABLES `authentication_credentials` WRITE;
/*!40000 ALTER TABLE `authentication_credentials` DISABLE KEYS */;
INSERT INTO `authentication_credentials` VALUES ('CUST001',78793,'PtSHC6'),('CUST002',70363,'rIZtdVyvCP'),('CUST003',45992,'UbFW2nv'),('CUST004',67800,'4V2MiMM'),('CUST005',53570,'nLPUDe'),('CUST006',45381,'E2801Nz4xs8c'),('CUST007',31819,'rDWi2S'),('CUST008',43611,'gu79Ys2yF'),('CUST009',60090,'sLL3yTsvXV2q'),('CUST010',18435,'k6KVjkE3uGU'),('CUST011',95277,'9ER0QZF'),('CUST012',44655,'XPFuQpcnHQ'),('CUST013',97812,'r6GOZ3nNLOZz'),('CUST014',77803,'br40lpu'),('CUST015',10688,'qhfmF8u'),('CUST016',55552,'rYj2zbJfNuiO'),('CUST017',28812,'L2CW0pIwvYIY'),('CUST018',50850,'dvYMSyhw08'),('CUST019',73662,'R6mrsGwO'),('CUST020',94093,'dH3PxlUep'),('CUST021',26313,'xHatpbWP'),('CUST022',58540,'nzbVmZk'),('CUST023',28876,'h4ggsozTv'),('CUST024',26556,'kRr8VLUMagq'),('CUST025',10662,'1z0rh8nv'),('CUST026',82532,'bqSFmEA'),('CUST027',36993,'FCbQuDrq'),('CUST028',35178,'AKguwmQ'),('CUST029',50457,'SYilAU'),('CUST030',91636,'E0BDhTUa25d7'),('CUST031',79627,'999YGQE'),('CUST032',67038,'neKQWiOGsJ3'),('CUST033',86784,'A7KsLPz'),('CUST034',58399,'psR3Jl7'),('CUST035',55161,'4houEG'),('CUST036',26422,'i0zA4L5EA'),('CUST037',27071,'HQiZNbcqH7N'),('CUST038',49647,'4dHjuCeu'),('CUST039',37992,'lVMv5RdS'),('CUST040',17610,'vSFtkX9u'),('CUST041',30115,'3X4BzXVw2GRQ'),('CUST042',34344,'djGeYfQ'),('CUST043',62591,'ngmlSINZEV'),('CUST044',52660,'kWeyuG'),('CUST045',42348,'lBwRo7Ccb2'),('CUST046',71732,'ls2HtoxTSCK'),('CUST047',84301,'dYrRVF6'),('CUST048',71132,'14smX7Q6RvS'),('CUST049',65999,'HLYPe0pKfYe'),('CUST050',82557,'3llHdN5D1N'),('CUST051',96629,'4XEU6eO'),('CUST052',42140,'jQqR9L'),('CUST053',23414,'d7FvQXcNnF'),('CUST054',10603,'gYmK4M4iXCP'),('CUST055',91249,'HPQVjwlXl'),('CUST056',16364,'H5Cw1tXAwcD'),('CUST057',10759,'xkUXOncB5f'),('CUST058',85335,'NKd7eUNAb2nD'),('CUST059',34200,'t29mijxq'),('CUST060',11471,'kBCFBhBCXSK'),('CUST061',87561,'XQnLXQQ1I'),('CUST062',81327,'3jiGBwB8RVlh'),('CUST063',30683,'0TwhUv'),('CUST064',32436,'pNXQyNecOpA'),('CUST065',26435,'SyLxHfF9Pl'),('CUST066',77418,'RdrEowQ4'),('CUST067',78611,'JKddmoWu7qj'),('CUST068',68361,'WzSZV4dJB'),('CUST069',93241,'TGUcvg7kEY'),('CUST070',60185,'E6206ZVjoCra'),('CUST071',39874,'zEGWvq'),('CUST072',77481,'kuzOY9'),('CUST073',11399,'tEftCF'),('CUST074',40799,'NpaiDCPb'),('CUST075',87551,'0llyfyajSf'),('CUST076',45616,'7nccnIY'),('CUST077',27981,'9pUr76hf0'),('CUST078',30413,'AKfBdIkgv3'),('CUST079',18734,'SzHynPp'),('CUST080',48294,'eSor7K'),('CUST081',61812,'8FU7CcDE6P6'),('CUST082',90500,'EX3hlKf5r7r'),('CUST083',91402,'l93mjWyRmZ'),('CUST084',94282,'GFN2LCpQvmYl'),('CUST085',19524,'P9a7wF'),('CUST086',71127,'X78jjn'),('CUST087',62319,'ej5SD2Wb'),('CUST088',15554,'6HHu8OxD'),('CUST089',93321,'PLyHpNca'),('CUST090',48307,'LZBQml'),('CUST091',50913,'TFBq0I'),('CUST092',57071,'0kNLare'),('CUST093',18706,'xEm5Uc7AY'),('CUST094',69076,'w5E1Cq5'),('CUST095',19741,'ININl9I8yAI'),('CUST096',96773,'ujglv9eEme'),('CUST097',60156,'WkxjS1g'),('CUST098',45223,'RU0CLXAB'),('CUST099',34042,'D1ONDApQXP'),('CUST100',76099,'rjZflo1BP2K'),('CUST101',73130,'11NmcGWAVYx'),('CUST102',49076,'Gf5Ztb38z'),('CUST103',49030,'HJQETBnoqH5'),('CUST104',32196,'K7Skkr1jhu'),('CUST105',80607,'BHC9pr0N'),('CUST106',12670,'0IjCSypy9H5'),('CUST107',87620,'VrCLgax9Efz'),('CUST108',13811,'eQJgF7kSC3e'),('CUST109',23323,'hQEpoTy'),('CUST110',28974,'lrdTii0'),('CUST111',36973,'G24r5DQu'),('CUST112',52193,'ni4WT6FH'),('CUST113',56675,'peW3OOAtp48a'),('CUST114',91468,'TyBLbckuom'),('CUST115',87677,'rboXbo'),('CUST116',76883,'RNKwsn'),('CUST117',77250,'At7b7Y099'),('CUST118',98826,'xZkO4Gm'),('CUST119',89747,'Tmh0LFN7lW'),('CUST120',27576,'k817lUvCi'),('CUST121',63548,'xOPcNocPtK'),('CUST122',73467,'zwsOKKtYFX'),('CUST123',45257,'w4Wwj6'),('CUST124',12697,'ab6wNw'),('CUST125',41282,'GfUAmXTaWJ'),('CUST126',58001,'QOavMt'),('CUST127',15315,'P1aE4Cyz2wU'),('CUST128',42969,'jHvH85Tt'),('CUST129',66634,'G58v4IgDt'),('CUST130',83061,'Bk58X5M4WhmV'),('CUST131',43918,'hQxoYcsQJHMa'),('CUST132',40447,'1jcTpN'),('CUST133',17366,'FuGEvOos2'),('CUST134',29079,'PiOHP41ydBE'),('CUST135',65678,'oJfbURrwMiJJ'),('CUST136',81206,'HMva53eT'),('CUST137',61257,'DxZh1OGXZC0'),('CUST138',60195,'bp26tSQUF'),('CUST139',68223,'h0E9m14u'),('CUST140',89989,'id7sSH4'),('CUST141',61802,'9TMbOkRuMbZx'),('CUST142',37165,'rR8E6aCR'),('CUST143',73509,'bLrBlGgZfv'),('CUST144',96029,'IdnrbQeS'),('CUST145',90087,'AhW2M7DUBP1s'),('CUST146',56949,'6TH1jT7'),('CUST147',42874,'sIruTj2'),('CUST148',51207,'lw3cFVmPB'),('CUST149',61683,'I0zdeLJ'),('CUST150',58451,'hXO4ZqzU'),('CUST151',58055,'jWtop4yeT6'),('CUST152',19734,'Kaugf1o'),('CUST153',43424,'CO0fvf6'),('CUST154',18827,'gH9JgCzNugcr'),('CUST155',97979,'aB3OcWjbvaub'),('CUST156',85919,'cvaQ9aZ'),('CUST157',86822,'uGdkvt54Pg'),('CUST158',85229,'Wl51lZp'),('CUST159',61110,'ZjnJjabhCnK'),('CUST160',37757,'zeeSVxQ8lB'),('CUST161',70080,'0O7us0elgaq'),('CUST162',83123,'8A3ZOlLB5DT'),('CUST163',93267,'8yWwLfUKvBk'),('CUST164',35000,'FyVdHgApg0'),('CUST165',18428,'ShgSrXF5RlI'),('CUST166',94414,'mnBDJLiLD'),('CUST167',74022,'VFJq16'),('CUST168',40089,'AfP1HPLSrRTP'),('CUST169',34108,'gfLlnf'),('CUST170',86534,'KWV1wZlC'),('CUST171',20425,'qmS3gPQE7'),('CUST172',81626,'zltOBLm'),('CUST173',68526,'rjYhZDdi8'),('CUST174',45980,'538L9E'),('CUST175',21784,'bgubh96NkaHR'),('CUST176',88184,'C3r5RLCFy1w'),('CUST177',42858,'mbAD56905a'),('CUST178',73111,'UbVkCarCM'),('CUST179',70911,'teG4OcqCtM'),('CUST180',89011,'m4jtDa0DTN'),('CUST181',13836,'CParOm'),('CUST182',53236,'WgVmqEnAQQL'),('CUST183',52987,'1cWLEjUlWT'),('CUST184',86233,'J4LwiHo'),('CUST185',88069,'NhNMalV'),('CUST186',67817,'uAzy8s1ihXfS'),('CUST187',72210,'I0bcTiH'),('CUST188',77244,'Fwht01otiy'),('CUST189',99115,'8Ew9e9G'),('CUST190',33520,'Zhev0H0VoUs'),('CUST191',14220,'luj26P'),('CUST192',52713,'hwKKVwPfE'),('CUST193',38934,'mn1Et2u'),('CUST194',41000,'jsXWkdX'),('CUST195',83092,'5nQZgS6UE'),('CUST196',26636,'ZzzUBrHGQvv1'),('CUST197',76339,'CLqZW5Y8N5N'),('CUST198',49163,'aVlZ7p6Hxu'),('CUST199',30498,'XF4fVONP8'),('CUST200',33254,'jairFl'),('CUST201',86210,'dL1anus5qKHh'),('CUST202',49294,'sNBqjGnA'),('CUST203',55848,'w9ELq9VxOA'),('CUST204',25637,'sGzMGa3KYW'),('CUST205',24478,'iALhiIk4T'),('CUST206',65488,'KOkYYcI6Swo'),('CUST207',30602,'oGEhT02q'),('CUST208',79864,'cNvrqaC'),('CUST209',53697,'3iQmqBKXPYS'),('CUST210',75852,'eUh0qXGF'),('CUST211',75177,'GGUHZ49V'),('CUST212',18788,'m9mb0Rb33Bmc'),('CUST213',49773,'mO6VpDtoA'),('CUST214',75107,'I9l3M2MJ'),('CUST215',95885,'9DZyB93F'),('CUST216',99859,'v5oxmW'),('CUST217',42392,'ztlE28D'),('CUST218',42504,'D3z7J64LV'),('CUST219',51330,'myo2gvjurNoV'),('CUST220',22427,'j3LA4p'),('CUST221',60941,'e6nfNj'),('CUST222',71509,'vgRUwd'),('CUST223',32602,'X1YhNI86ECrl'),('CUST224',74895,'NSbCYQn7'),('CUST225',92514,'AgzuAu'),('CUST226',28738,'5lZX2iISd'),('CUST227',18619,'k0kEQOj'),('CUST228',84457,'888PNA8N'),('CUST229',68548,'nJES0d9'),('CUST230',95926,'GxnvHXWC'),('CUST231',54480,'bgMoSScgs'),('CUST232',56242,'ylvGOTVZ'),('CUST233',47308,'1eybi9pqs'),('CUST234',95977,'GbvtoQ'),('CUST235',44603,'i0KDBtQ8b'),('CUST236',53277,'ySEFD7ZikXhy'),('CUST237',77721,'NYSV6dpQp95J'),('CUST238',50842,'1tB4wnm9'),('CUST239',54559,'NITw09'),('CUST240',83100,'zB6qJe3tc7'),('CUST241',44545,'WnUMrPff6NVp'),('CUST242',24965,'nNFpGM'),('CUST243',95761,'eG0m14G'),('CUST244',73324,'s1crZC'),('CUST245',76652,'qTe52ha5LqE'),('CUST246',74537,'Aei0dEqA4'),('CUST247',32930,'3Yo6FGUV'),('CUST248',23196,'zlDVaERw'),('CUST249',94412,'5rSTF577EZ68'),('CUST250',10642,'1szcpKKud'),('CUST251',21661,'ma3CyJt'),('CUST252',89781,'TueEczLGh'),('CUST253',85388,'3ceBxReplxXq'),('CUST254',40361,'dMRilo2fRh'),('CUST255',24072,'acMa8DJ'),('CUST256',33959,'OYnOK4J'),('CUST257',50262,'qSU8nQZB'),('CUST258',88835,'ltKHTwxJhO2'),('CUST259',98870,'9djOMui9Gm'),('CUST260',27403,'L2Urt26qQ'),('CUST261',46694,'WxBrRCivz'),('CUST262',63787,'1EbKZrVdk2'),('CUST263',15932,'H4Xlhs'),('CUST264',33491,'omdrMKr9'),('CUST265',58683,'vZyqlzwFCU'),('CUST266',14121,'lwY4jr'),('CUST267',24580,'cpPy7Gf'),('CUST268',88949,'wA4Sg75TTaWU'),('CUST269',68542,'gFmfqxq5fSp'),('CUST270',51771,'1IS750yV'),('CUST271',19638,'4TN1U9DGomGS'),('CUST272',31904,'iS7MSG'),('CUST273',50158,'4Cw0AisIPI3'),('CUST274',10712,'LYiwMV2r5zF'),('CUST275',60550,'wCzZvwd'),('CUST276',86951,'fa36Ym'),('CUST277',32036,'KsloZiR1FfF'),('CUST278',74508,'1VDMZoFiLV'),('CUST279',57359,'kir1Nd4F'),('CUST280',70416,'LdnmlulpOzNg'),('CUST281',24908,'MZfkLtS2yi'),('CUST282',20229,'vYDVxuQd0vy'),('CUST283',56993,'AEvhsC7qLO6'),('CUST284',91677,'TSoytcZ'),('CUST285',52934,'ML93mCMp3kqt'),('CUST286',26027,'34a1XaHW2'),('CUST287',15679,'caZRo3Psp'),('CUST288',26296,'I53dS8IyPj5A'),('CUST289',53254,'6qsX0S5fj'),('CUST290',12560,'xLbz5MBxmR3'),('CUST291',19898,'modJd9F8'),('CUST292',61550,'92RsmycDx'),('CUST293',96656,'AtqX3zu'),('CUST294',57893,'BSqUR1AfLb9T'),('CUST295',20808,'TI8EhB2hw'),('CUST296',96132,'NyNMoI'),('CUST297',42087,'cD3KlW'),('CUST298',91631,'SyRyBVDXNPDV'),('CUST299',64447,'x2oCy8HIlDlf'),('CUST300',90048,'XqyLGmI'),('CUST301',10632,'fZPkxxPisN'),('CUST302',18569,'IglPX4MXLSAU'),('CUST303',78443,'LrpTyhzySg26'),('CUST304',47808,'WUKJrCVDNY'),('CUST305',32358,'gOHMKAQ'),('CUST306',89847,'szFJYbHNpc'),('CUST307',15055,'x2wzTC'),('CUST308',34146,'JoWBVS'),('CUST309',70126,'ytv3o20X'),('CUST310',93530,'d5FHTeJVj5'),('CUST311',11113,'EAqqY4qoVc'),('CUST312',14849,'GpAyfCHi'),('CUST313',43033,'exvjIHmI02'),('CUST314',12451,'s7nLmqb05eb'),('CUST315',44116,'ezcAAo2nmaDx'),('CUST316',40718,'NgLIJhSEZ'),('CUST317',28109,'kcVRmyqC'),('CUST318',17286,'lKLvXwH7x5'),('CUST319',57895,'jyWttJyBdO'),('CUST320',29632,'NSx98zFFeR'),('CUST321',64473,'aM9kXBtpSe'),('CUST322',35587,'pq8b887iB'),('CUST323',30496,'vvWNx00Mp'),('CUST324',73124,'t0nCFgQHQ'),('CUST325',58942,'TobYPLWdA'),('CUST326',99124,'seoCNKraD'),('CUST327',30099,'z14Mp1j7yO'),('CUST328',22818,'1JNfsBoVnu'),('CUST329',88641,'sfbJegcQhF6m'),('CUST330',43384,'51No0K9mW'),('CUST331',82343,'4s4mlD0t6Pf'),('CUST332',65345,'puhL5gorCCYt'),('CUST333',63950,'Hqqs6LKXQ'),('CUST334',96803,'YUTenAf'),('CUST335',54211,'bSjCGglhv4'),('CUST336',30658,'w1gYHo1ib7Wd'),('CUST337',96266,'DIBnMQLsS0'),('CUST338',98626,'0Lm337pj'),('CUST339',74034,'IwawCGYn3'),('CUST340',15389,'lmOSKS3'),('CUST341',42156,'KqbAOM'),('CUST342',31464,'nX5nYdhkh'),('CUST343',68019,'DT5kAr3FPJ'),('CUST344',45741,'EbEao2aKq'),('CUST345',51362,'kENFan'),('CUST346',59243,'6I8enPLX'),('CUST347',51021,'51brcV9'),('CUST348',29621,'eIdfNZQz75'),('CUST349',23123,'I9J1kcgORpk'),('CUST350',95134,'5PMwVq'),('CUST351',97993,'aqiVbcTcNEY'),('CUST352',53415,'vqOEvMQ'),('CUST353',34754,'FTITm4Ej'),('CUST354',40659,'HMdqLe2n'),('CUST355',99744,'hbKO6Kqd'),('CUST356',11390,'kUzCHSraim8P'),('CUST357',85252,'O9n0fWzKVC8G'),('CUST358',37120,'X3aZLLJqQ'),('CUST359',35997,'HaV58ra'),('CUST360',74533,'m9lh7GZfLEa'),('CUST361',73972,'VU1y7zGpQlDD'),('CUST362',35934,'BQ4Vcpf1cpB'),('CUST363',12206,'Z5EbZWtXQir'),('CUST364',90064,'Fq1mPHLV2xqT'),('CUST365',19350,'pvNTxUmVdN'),('CUST366',58933,'l0zggRMQpVi0'),('CUST367',13954,'f7T8j2knDhy'),('CUST368',18261,'wm3kNuCa'),('CUST369',49152,'KSEiRFAv'),('CUST370',86218,'1yzrlBDyNQ'),('CUST371',36065,'6pZAM23'),('CUST372',19158,'25x5GgFHrbh'),('CUST373',76906,'3eQc1kn0'),('CUST374',99308,'UXeOv7H'),('CUST375',71023,'4ZGj3SZmRM'),('CUST376',56482,'X9lEDx'),('CUST377',42727,'3FIFQE6honl'),('CUST378',41592,'VF2SxBxwsM'),('CUST379',47100,'5JG0J4n8'),('CUST380',31804,'s2auKsE8'),('CUST381',50220,'V6DkySD'),('CUST382',76448,'nY3hcN'),('CUST383',69020,'XG1muDRz'),('CUST384',23198,'lYxOVHQOgR'),('CUST385',14049,'s4O247HcX6U8'),('CUST386',64868,'Zg7is9yLwI'),('CUST387',15562,'eCRbP2h9u6xm'),('CUST388',92113,'zg5U2XAMpU8S'),('CUST389',64673,'GqgpPCz'),('CUST390',53466,'ytbrprJqld'),('CUST391',47973,'OGF3MQtk4sr'),('CUST392',85937,'lnphCm'),('CUST393',25242,'3usaT0oPbfdd'),('CUST394',29341,'VGQJuB66'),('CUST395',42744,'GsAqFnWI'),('CUST396',36704,'j0MPA4U03'),('CUST397',10616,'ucdfXcq'),('CUST398',78286,'AgErJmdx'),('CUST399',11597,'tA5cSJW'),('CUST400',62872,'TN8C0inTRGG'),('CUST401',49527,'0mEcBGqtq2V'),('CUST402',91038,'I0PkiLuKp'),('CUST403',76807,'mAizyYYupwf'),('CUST404',14861,'FTcy8Z'),('CUST405',38143,'oU5Il7bnEY1'),('CUST406',85120,'vs5RvcIjaT8k'),('CUST407',31781,'J2x8uAh'),('CUST408',42094,'rQN4NFi354'),('CUST409',28859,'BM7d69DzCR'),('CUST410',94758,'M8BYYBBh'),('CUST411',58631,'z9DVwciS0mh'),('CUST412',14417,'OIUn3NP'),('CUST413',64824,'fmguuf4RHr5'),('CUST414',20374,'FOia6wZ5u'),('CUST415',13558,'b05rCZZb'),('CUST416',86733,'wIAtd6F'),('CUST417',68189,'d94Acfqd'),('CUST418',49495,'Lg7ulv157tjs'),('CUST419',20745,'BTXzNC1Xl5'),('CUST420',17924,'X9MO7GLaYjc'),('CUST421',92443,'9QgSHW'),('CUST422',94839,'qUZhtGumEoQ'),('CUST423',67621,'8emtEVqg52Y'),('CUST424',47862,'GySxOo8Vug'),('CUST425',17376,'Z8XqFJAralV7'),('CUST426',26518,'NuJKoivuxnIP'),('CUST427',42488,'jmDde4c'),('CUST428',91119,'o85N1s'),('CUST429',93231,'sdCbUt90j'),('CUST430',75315,'yvGQ6fcgFlPc'),('CUST431',74859,'IEhj3ir'),('CUST432',73720,'pON8FAz'),('CUST433',57187,'CtIZDnZacsL'),('CUST434',26805,'ntQj012Sy'),('CUST435',51633,'Sw9wHSZLYXMs'),('CUST436',86428,'n7ldTQ7jC'),('CUST437',23621,'Er97bjkPh'),('CUST438',27280,'quSPqmBTam'),('CUST439',37472,'DVuq7Ggb'),('CUST440',47961,'UHOpVi'),('CUST441',39050,'oIsZuvwys'),('CUST442',91862,'FpZTQ9gdzQ'),('CUST443',67743,'DdMMz3'),('CUST444',40982,'PACw4tx3gtdW'),('CUST445',46168,'ygOIiNByAt7G'),('CUST446',57373,'QA3cxwMGQ0'),('CUST447',74554,'idoB0QUPVAGV'),('CUST448',44684,'nfbxZ6'),('CUST449',74830,'7oRBqf'),('CUST450',48474,'iaydtPMEyusC'),('CUST451',47163,'m8R2fV'),('CUST452',28403,'3PhCUJrwl1pI'),('CUST453',36337,'YECaKyBU6'),('CUST454',92556,'DSsN1oNEAo'),('CUST455',41976,'1jdqMZ9Nj'),('CUST456',47224,'sulOmvwiFKn'),('CUST457',55662,'HwtXP0E'),('CUST458',74036,'RfWspSJKU'),('CUST459',46624,'QKi6Lr'),('CUST460',56240,'rKYfOLstsmb9'),('CUST461',22282,'eSze1T3k4'),('CUST462',97792,'lmZywxych'),('CUST463',57340,'oUh5mbobEN6D'),('CUST464',36698,'BIRJCHVg'),('CUST465',75687,'fdJ5WBdx'),('CUST466',39281,'198nnyJgB'),('CUST467',99350,'FgAVtTS4'),('CUST468',74592,'ZGEeuM31jm'),('CUST469',22779,'i9y3Sw4eWbVm'),('CUST470',16845,'yVuCB8IvL2J'),('CUST471',94921,'gXDJysYA7lgw'),('CUST472',17623,'Gp5K5wr11LI'),('CUST473',63777,'7VJJmVl'),('CUST474',32586,'ZQMkfWM'),('CUST475',38382,'dfBXZo'),('CUST476',86898,'8Mn8hzC'),('CUST477',95717,'rkef7L'),('CUST478',85647,'xpINbWmsTIXo'),('CUST479',61146,'LlYoVJTT'),('CUST480',24641,'8yYXwppdf7'),('CUST481',99487,'sg7jXgx'),('CUST482',96942,'UnYz8fOG'),('CUST483',70850,'U2RQE2'),('CUST484',91374,'BP0wsyK'),('CUST485',66307,'Cd5seyUURH1'),('CUST486',15963,'ODE2Fv'),('CUST487',53237,'LLedGOsGn'),('CUST488',73574,'1kbZ7clc'),('CUST489',21998,'PwD1h1MMwZ'),('CUST490',21221,'uhKaGptq'),('CUST491',63297,'85r1cXQL'),('CUST492',80589,'MkAaTFiaUNLs'),('CUST493',29578,'U6QW0eUsg'),('CUST494',22764,'fcFliaZS3AF'),('CUST495',19209,'OKPuJqp1'),('CUST496',87236,'X7LwxKdT'),('CUST497',69582,'QEDEwKjdfDB'),('CUST498',44288,'ZgwF8WjhTvn7'),('CUST499',91687,'PqE04avqG'),('CUST500',35309,'wY6MjbD');
/*!40000 ALTER TABLE `authentication_credentials` ENABLE KEYS */;
UNLOCK TABLES;

--
-- Table structure for table `cart`
--

DROP TABLE IF EXISTS `cart`;
/*!40101 SET @saved_cs_client     = @@character_set_client */;
/*!50503 SET character_set_client = utf8mb4 */;
CREATE TABLE `cart` (
  `cart_id` varchar(7) NOT NULL,
  `cart_total_amount` int NOT NULL,
  PRIMARY KEY (`cart_id`)
) ENGINE=InnoDB DEFAULT CHARSET=utf8mb4 COLLATE=utf8mb4_0900_ai_ci;
/*!40101 SET character_set_client = @saved_cs_client */;

--
-- Dumping data for table `cart`
--

LOCK TABLES `cart` WRITE;
/*!40000 ALTER TABLE `cart` DISABLE KEYS */;
INSERT INTO `cart` VALUES ('CART001',2040),('CART002',5154),('CART003',358),('CART004',2464),('CART005',4486),('CART006',9325),('CART007',2366),('CART008',3281),('CART009',2264),('CART010',1923),('CART011',3448),('CART012',4054),('CART013',6354),('CART014',2568),('CART015',2392),('CART016',1831),('CART017',3143),('CART018',8970),('CART019',9152),('CART020',2683),('CART021',6451),('CART022',1895),('CART023',904),('CART024',3345),('CART025',3025),('CART026',3403),('CART027',5777),('CART028',6403),('CART029',1415),('CART030',9811),('CART031',5842),('CART032',2137),('CART033',9804),('CART034',6717),('CART035',1554),('CART036',4496),('CART037',5909),('CART038',9484),('CART039',4279),('CART040',2787),('CART041',7126),('CART042',1522),('CART043',6731),('CART044',5847),('CART045',1760),('CART046',3701),('CART047',8408),('CART048',8674),('CART049',2069),('CART050',7599),('CART051',1163),('CART052',2704),('CART053',1421),('CART054',6072),('CART055',7002),('CART056',8988),('CART057',5358),('CART058',3937),('CART059',4665),('CART060',6761),('CART061',1405),('CART062',9784),('CART063',3358),('CART064',693),('CART065',338),('CART066',6678),('CART067',4882),('CART068',5306),('CART069',662),('CART070',8241),('CART071',3313),('CART072',3621),('CART073',2944),('CART074',1911),('CART075',1618),('CART076',3850),('CART077',2720),('CART078',5060),('CART079',7800),('CART080',3209),('CART081',2371),('CART082',109),('CART083',9698),('CART084',5279),('CART085',493),('CART086',3682),('CART087',4017),('CART088',2234),('CART089',7218),('CART090',4288),('CART091',9894),('CART092',4086),('CART093',236),('CART094',5612),('CART095',3959),('CART096',3172),('CART097',4321),('CART098',2256),('CART099',2404),('CART100',7161),('CART101',2794),('CART102',6173),('CART103',9259),('CART104',9733),('CART105',302),('CART106',9472),('CART107',9086),('CART108',5454),('CART109',9685),('CART110',9873),('CART111',637),('CART112',2964),('CART113',4156),('CART114',767),('CART115',5594),('CART116',426),('CART117',4692),('CART118',7086),('CART119',691),('CART120',7244),('CART121',6421),('CART122',7322),('CART123',5749),('CART124',4850),('CART125',7164),('CART126',8128),('CART127',9042),('CART128',2820),('CART129',9057),('CART130',2011),('CART131',7864),('CART132',3170),('CART133',6157),('CART134',885),('CART135',2373),('CART136',3391),('CART137',8815),('CART138',8230),('CART139',5444),('CART140',4782),('CART141',2127),('CART142',9841),('CART143',5165),('CART144',2140),('CART145',964),('CART146',7521),('CART147',3003),('CART148',9756),('CART149',381),('CART150',6763),('CART151',263),('CART152',633),('CART153',1202),('CART154',8112),('CART155',9748),('CART156',8330),('CART157',3028),('CART158',3702),('CART159',8298),('CART160',5199),('CART161',7517),('CART162',5866),('CART163',8099),('CART164',9280),('CART165',7344),('CART166',2269),('CART167',6029),('CART168',8701),('CART169',1597),('CART170',301),('CART171',9852),('CART172',3533),('CART173',7056),('CART174',8409),('CART175',6423),('CART176',8969),('CART177',5058),('CART178',5456),('CART179',7493),('CART180',6362),('CART181',9433),('CART182',7793),('CART183',3374),('CART184',1502),('CART185',3816),('CART186',7451),('CART187',9435),('CART188',2138),('CART189',5872),('CART190',214),('CART191',6033),('CART192',7402),('CART193',6843),('CART194',5759),('CART195',1745),('CART196',5283),('CART197',3460),('CART198',2647),('CART199',818),('CART200',7714),('CART201',2869),('CART202',4555),('CART203',7006),('CART204',5582),('CART205',6261),('CART206',1923),('CART207',1671),('CART208',7801),('CART209',8294),('CART210',1330),('CART211',6141),('CART212',1948),('CART213',9383),('CART214',964),('CART215',4072),('CART216',9310),('CART217',8826),('CART218',5920),('CART219',5730),('CART220',2637),('CART221',2325),('CART222',9078),('CART223',6686),('CART224',5096),('CART225',3754),('CART226',7335),('CART227',5087),('CART228',8378),('CART229',860),('CART230',2104),('CART231',2414),('CART232',3199),('CART233',3301),('CART234',526),('CART235',7235),('CART236',2637),('CART237',6663),('CART238',4180),('CART239',8686),('CART240',3993),('CART241',4667),('CART242',919),('CART243',4266),('CART244',4187),('CART245',8613),('CART246',1475),('CART247',566),('CART248',5190),('CART249',2305),('CART250',4710),('CART251',1422),('CART252',2694),('CART253',7543),('CART254',9922),('CART255',3693),('CART256',9955),('CART257',1494),('CART258',2314),('CART259',9461),('CART260',4075),('CART261',6406),('CART262',3475),('CART263',8458),('CART264',349),('CART265',7148),('CART266',8469),('CART267',6005),('CART268',259),('CART269',6971),('CART270',8878),('CART271',5297),('CART272',1871),('CART273',7082),('CART274',1067),('CART275',1910),('CART276',5299),('CART277',8329),('CART278',6765),('CART279',656),('CART280',1473),('CART281',9977),('CART282',9331),('CART283',3415),('CART284',6335),('CART285',7054),('CART286',7795),('CART287',9542),('CART288',7253),('CART289',6404),('CART290',9505),('CART291',9943),('CART292',8990),('CART293',9598),('CART294',7690),('CART295',602),('CART296',6510),('CART297',7939),('CART298',3057),('CART299',6754),('CART300',2435),('CART301',4749),('CART302',945),('CART303',8094),('CART304',7636),('CART305',1125),('CART306',2941),('CART307',6080),('CART308',1537),('CART309',6510),('CART310',8276),('CART311',1123),('CART312',6261),('CART313',2980),('CART314',8673),('CART315',2124),('CART316',7877),('CART317',2565),('CART318',8503),('CART319',6808),('CART320',2022),('CART321',1090),('CART322',7826),('CART323',8954),('CART324',8573),('CART325',3524),('CART326',8666),('CART327',7465),('CART328',5373),('CART329',3002),('CART330',2962),('CART331',4352),('CART332',6496),('CART333',3813),('CART334',9374),('CART335',9466),('CART336',8807),('CART337',1983),('CART338',3519),('CART339',1815),('CART340',5758),('CART341',4117),('CART342',6787),('CART343',821),('CART344',4478),('CART345',1095),('CART346',8677),('CART347',7735),('CART348',2736),('CART349',6580),('CART350',7362),('CART351',3536),('CART352',2423),('CART353',4953),('CART354',6562),('CART355',486),('CART356',1360),('CART357',7649),('CART358',1129),('CART359',6547),('CART360',3198),('CART361',5359),('CART362',3979),('CART363',1808),('CART364',9275),('CART365',9230),('CART366',3747),('CART367',4512),('CART368',8424),('CART369',6017),('CART370',2620),('CART371',980),('CART372',1734),('CART373',9977),('CART374',2954),('CART375',2578),('CART376',4193),('CART377',147),('CART378',669),('CART379',2188),('CART380',6043),('CART381',2028),('CART382',7389),('CART383',7708),('CART384',5309),('CART385',6808),('CART386',9726),('CART387',3971),('CART388',2248),('CART389',9896),('CART390',1991),('CART391',7603),('CART392',1467),('CART393',9879),('CART394',9129),('CART395',3781),('CART396',3860),('CART397',4600),('CART398',312),('CART399',2727),('CART400',6366),('CART401',7307),('CART402',8372),('CART403',5368),('CART404',1672),('CART405',7190),('CART406',1238),('CART407',2230),('CART408',1830),('CART409',5343),('CART410',2932),('CART411',7602),('CART412',9674),('CART413',1825),('CART414',3061),('CART415',7015),('CART416',5410),('CART417',9333),('CART418',8325),('CART419',731),('CART420',4896),('CART421',2953),('CART422',6105),('CART423',5349),('CART424',5592),('CART425',9125),('CART426',277),('CART427',3252),('CART428',1204),('CART429',5762),('CART430',6636),('CART431',7228),('CART432',2796),('CART433',1046),('CART434',2704),('CART435',4885),('CART436',2867),('CART437',9209),('CART438',9875),('CART439',9043),('CART440',2099),('CART441',1951),('CART442',3487),('CART443',1917),('CART444',8635),('CART445',7535),('CART446',2357),('CART447',4276),('CART448',8785),('CART449',6835),('CART450',369),('CART451',3988),('CART452',4325),('CART453',1983),('CART454',1916),('CART455',125),('CART456',7243),('CART457',8473),('CART458',5678),('CART459',1904),('CART460',7642),('CART461',1784),('CART462',1492),('CART463',1779),('CART464',9074),('CART465',6991),('CART466',1095),('CART467',220),('CART468',2882),('CART469',4165),('CART470',9228),('CART471',2415),('CART472',8699),('CART473',2976),('CART474',8086),('CART475',8904),('CART476',1663),('CART477',1428),('CART478',2961),('CART479',3875),('CART480',6976),('CART481',4356),('CART482',7056),('CART483',6048),('CART484',6409),('CART485',4036),('CART486',4751),('CART487',3902),('CART488',4603),('CART489',1346),('CART490',666),('CART491',6455),('CART492',683),('CART493',4940),('CART494',6866),('CART495',295),('CART496',4225),('CART497',2962),('CART498',1529),('CART499',7046),('CART500',7985);
/*!40000 ALTER TABLE `cart` ENABLE KEYS */;
UNLOCK TABLES;

--
-- Table structure for table `cart_item`
--

DROP TABLE IF EXISTS `cart_item`;
/*!40101 SET @saved_cs_client     = @@character_set_client */;
/*!50503 SET character_set_client = utf8mb4 */;
CREATE TABLE `cart_item` (
  `cart_id` varchar(7) DEFAULT NULL,
  `product_id` varchar(7) DEFAULT NULL,
  `quantity` int NOT NULL,
  KEY `cart_id` (`cart_id`),
  KEY `product_id` (`product_id`),
  CONSTRAINT `cart_item_ibfk_1` FOREIGN KEY (`cart_id`) REFERENCES `cart` (`cart_id`),
  CONSTRAINT `cart_item_ibfk_2` FOREIGN KEY (`product_id`) REFERENCES `product` (`product_id`)
) ENGINE=InnoDB DEFAULT CHARSET=utf8mb4 COLLATE=utf8mb4_0900_ai_ci;
/*!40101 SET character_set_client = @saved_cs_client */;

--
-- Dumping data for table `cart_item`
--

LOCK TABLES `cart_item` WRITE;
/*!40000 ALTER TABLE `cart_item` DISABLE KEYS */;
INSERT INTO `cart_item` VALUES ('CART447','PROD248',35),('CART381','PROD294',3),('CART293','PROD201',5),('CART453','PROD226',48),('CART455','PROD026',41),('CART433','PROD066',38),('CART338','PROD242',43),('CART084','PROD204',49),('CART430','PROD257',11),('CART074','PROD250',44),('CART123','PROD210',41),('CART500','PROD134',47),('CART392','PROD287',24),('CART351','PROD053',12),('CART224','PROD072',43),('CART142','PROD044',34),('CART375','PROD038',47),('CART397','PROD031',41),('CART219','PROD035',34),('CART111','PROD010',38),('CART365','PROD244',6),('CART427','PROD234',23),('CART107','PROD049',5),('CART378','PROD258',8),('CART301','PROD146',17),('CART348','PROD151',18),('CART315','PROD250',43),('CART134','PROD181',18),('CART139','PROD256',50),('CART116','PROD274',24),('CART141','PROD124',26),('CART133','PROD169',20),('CART273','PROD224',5),('CART182','PROD217',8),('CART102','PROD284',42),('CART500','PROD105',50),('CART306','PROD133',25),('CART080','PROD058',35),('CART152','PROD089',36),('CART309','PROD019',8),('CART165','PROD168',18),('CART412','PROD223',11),('CART035','PROD300',44),('CART400','PROD019',4),('CART125','PROD010',3),('CART250','PROD091',43),('CART093','PROD005',23),('CART172','PROD261',35),('CART167','PROD262',4),('CART366','PROD101',28),('CART471','PROD044',17),('CART343','PROD204',18),('CART375','PROD031',9),('CART165','PROD186',23),('CART494','PROD066',9),('CART265','PROD023',31),('CART069','PROD119',29),('CART001','PROD099',19),('CART374','PROD109',25),('CART204','PROD234',34),('CART461','PROD261',29),('CART460','PROD279',47),('CART010','PROD196',23),('CART013','PROD246',25),('CART175','PROD226',15),('CART176','PROD065',29),('CART298','PROD046',5),('CART393','PROD214',43),('CART241','PROD254',16),('CART122','PROD049',19),('CART062','PROD123',5),('CART124','PROD165',46),('CART471','PROD146',26),('CART377','PROD080',32),('CART105','PROD200',24),('CART225','PROD237',42),('CART264','PROD028',37),('CART468','PROD272',45),('CART482','PROD262',38),('CART493','PROD291',45),('CART245','PROD024',17),('CART323','PROD191',46),('CART038','PROD009',20),('CART010','PROD201',42),('CART114','PROD133',24),('CART144','PROD297',47),('CART321','PROD133',31),('CART342','PROD185',14),('CART070','PROD180',40),('CART347','PROD115',48),('CART069','PROD092',32),('CART331','PROD207',44),('CART473','PROD281',20),('CART152','PROD098',17),('CART056','PROD249',2),('CART160','PROD291',48),('CART006','PROD214',29),('CART080','PROD066',10),('CART039','PROD146',49),('CART066','PROD173',27),('CART126','PROD075',30),('CART195','PROD286',49),('CART348','PROD189',8),('CART455','PROD123',48),('CART176','PROD159',7),('CART138','PROD111',10),('CART376','PROD161',9),('CART144','PROD135',47),('CART111','PROD003',10),('CART025','PROD163',39),('CART366','PROD053',46),('CART367','PROD191',25),('CART181','PROD102',48),('CART416','PROD049',36),('CART423','PROD013',3),('CART476','PROD074',49),('CART251','PROD033',26),('CART174','PROD277',22),('CART002','PROD111',25),('CART137','PROD209',12),('CART443','PROD161',32),('CART060','PROD099',40),('CART447','PROD268',1),('CART046','PROD162',44),('CART471','PROD174',2),('CART090','PROD259',19),('CART057','PROD061',39),('CART058','PROD219',39),('CART243','PROD016',5),('CART160','PROD050',6),('CART270','PROD216',42),('CART202','PROD169',43),('CART407','PROD041',49),('CART315','PROD277',20),('CART329','PROD300',10),('CART018','PROD155',26),('CART371','PROD173',6),('CART130','PROD018',33),('CART307','PROD277',9),('CART485','PROD084',26),('CART146','PROD205',32),('CART312','PROD196',36),('CART152','PROD261',24),('CART065','PROD206',2),('CART133','PROD092',24),('CART488','PROD123',45),('CART198','PROD027',3),('CART286','PROD052',3),('CART451','PROD161',39),('CART340','PROD183',39),('CART407','PROD053',23),('CART180','PROD293',32),('CART249','PROD228',22),('CART213','PROD265',4),('CART300','PROD082',39),('CART246','PROD228',13),('CART364','PROD087',6),('CART257','PROD282',2),('CART132','PROD023',24),('CART309','PROD283',20),('CART267','PROD156',10),('CART268','PROD205',43),('CART014','PROD172',10),('CART330','PROD098',2),('CART023','PROD179',23),('CART164','PROD132',4),('CART272','PROD236',9),('CART393','PROD149',16),('CART337','PROD051',49),('CART417','PROD146',24),('CART136','PROD163',36),('CART316','PROD081',13),('CART066','PROD138',28),('CART469','PROD009',46),('CART100','PROD207',47),('CART115','PROD173',15),('CART153','PROD010',19),('CART122','PROD010',15),('CART428','PROD031',6),('CART330','PROD242',21),('CART271','PROD009',24),('CART480','PROD016',35),('CART137','PROD072',45),('CART381','PROD051',31),('CART231','PROD159',4),('CART050','PROD127',16),('CART412','PROD243',45),('CART223','PROD114',8),('CART329','PROD207',23),('CART178','PROD063',25),('CART470','PROD075',37),('CART190','PROD033',13),('CART104','PROD127',18),('CART384','PROD094',6),('CART019','PROD120',33),('CART364','PROD288',24),('CART447','PROD268',47),('CART276','PROD237',8),('CART174','PROD252',17),('CART038','PROD205',14),('CART310','PROD260',2),('CART484','PROD270',39),('CART206','PROD156',49),('CART054','PROD138',28),('CART211','PROD220',18),('CART234','PROD016',15),('CART007','PROD082',27),('CART365','PROD300',4),('CART497','PROD262',14),('CART260','PROD269',33),('CART468','PROD042',4),('CART363','PROD142',8),('CART387','PROD118',24),('CART012','PROD024',9),('CART233','PROD293',25),('CART392','PROD090',36),('CART423','PROD122',19),('CART029','PROD138',43),('CART345','PROD175',25),('CART121','PROD197',37),('CART221','PROD169',44),('CART051','PROD066',25),('CART267','PROD261',14),('CART165','PROD216',18),('CART372','PROD043',18),('CART186','PROD262',11),('CART241','PROD186',32),('CART350','PROD247',33),('CART350','PROD157',47),('CART438','PROD208',1),('CART095','PROD094',14),('CART193','PROD120',32),('CART136','PROD022',16),('CART248','PROD016',13),('CART002','PROD140',30),('CART259','PROD051',29),('CART173','PROD251',36),('CART445','PROD142',45),('CART399','PROD259',27),('CART427','PROD081',35),('CART338','PROD250',44),('CART124','PROD251',43),('CART010','PROD276',15),('CART387','PROD237',2),('CART214','PROD233',37),('CART251','PROD044',14),('CART394','PROD020',44),('CART161','PROD089',34),('CART148','PROD218',41),('CART303','PROD014',32),('CART118','PROD084',46),('CART416','PROD197',17),('CART497','PROD005',19),('CART209','PROD140',44),('CART126','PROD128',26),('CART418','PROD023',7),('CART101','PROD244',35),('CART106','PROD055',3),('CART379','PROD168',48),('CART088','PROD272',29),('CART375','PROD232',13),('CART289','PROD189',27),('CART341','PROD223',28),('CART131','PROD149',17),('CART042','PROD248',43),('CART328','PROD152',19),('CART352','PROD179',21),('CART024','PROD192',23),('CART043','PROD059',38),('CART039','PROD004',48),('CART130','PROD045',36),('CART006','PROD034',35),('CART127','PROD099',41),('CART161','PROD180',15),('CART033','PROD088',27),('CART178','PROD049',47),('CART387','PROD157',16),('CART035','PROD130',49),('CART026','PROD106',49),('CART413','PROD259',34),('CART266','PROD274',34),('CART467','PROD226',18),('CART303','PROD253',7),('CART456','PROD070',37),('CART371','PROD009',23),('CART354','PROD003',10),('CART028','PROD229',27),('CART462','PROD231',16),('CART393','PROD164',41),('CART490','PROD146',27),('CART315','PROD247',31),('CART343','PROD246',47),('CART208','PROD105',49),('CART358','PROD084',33),('CART124','PROD180',13),('CART394','PROD086',34),('CART425','PROD023',25),('CART372','PROD247',22),('CART445','PROD199',12),('CART466','PROD288',25),('CART492','PROD008',4),('CART102','PROD029',5),('CART265','PROD096',26),('CART497','PROD234',25),('CART236','PROD157',40),('CART363','PROD298',28),('CART407','PROD190',41),('CART237','PROD118',45),('CART328','PROD277',44),('CART219','PROD183',42),('CART217','PROD270',31),('CART148','PROD189',11),('CART492','PROD009',37),('CART412','PROD223',14),('CART075','PROD254',23),('CART164','PROD003',8),('CART066','PROD132',46),('CART140','PROD025',4),('CART309','PROD050',12),('CART217','PROD201',26),('CART436','PROD248',1),('CART475','PROD180',42),('CART500','PROD193',5),('CART256','PROD196',45),('CART348','PROD190',25),('CART287','PROD138',50),('CART070','PROD268',34),('CART439','PROD140',36),('CART046','PROD061',6),('CART093','PROD072',9),('CART050','PROD071',44),('CART250','PROD203',27),('CART275','PROD259',19),('CART060','PROD276',32),('CART477','PROD173',16),('CART297','PROD246',50),('CART354','PROD056',38),('CART058','PROD178',7),('CART421','PROD049',36),('CART065','PROD171',39),('CART023','PROD135',3),('CART289','PROD214',3),('CART242','PROD261',9),('CART070','PROD117',46),('CART386','PROD115',6),('CART238','PROD147',41),('CART287','PROD010',15),('CART480','PROD070',29),('CART302','PROD013',32),('CART348','PROD155',23),('CART421','PROD106',25),('CART453','PROD243',22),('CART068','PROD045',35),('CART051','PROD066',11),('CART084','PROD105',20),('CART171','PROD025',41),('CART489','PROD098',40),('CART108','PROD157',36),('CART229','PROD048',23),('CART364','PROD087',32),('CART117','PROD210',13),('CART499','PROD247',47),('CART369','PROD188',30),('CART333','PROD007',12),('CART089','PROD066',21),('CART459','PROD021',35),('CART299','PROD134',25),('CART281','PROD088',15),('CART250','PROD223',16),('CART067','PROD171',29),('CART390','PROD132',23),('CART489','PROD285',9),('CART435','PROD081',1),('CART183','PROD297',43),('CART317','PROD096',41),('CART035','PROD236',44),('CART390','PROD248',36),('CART260','PROD177',37),('CART134','PROD255',22),('CART046','PROD275',11),('CART343','PROD002',36),('CART116','PROD131',27),('CART205','PROD271',3),('CART272','PROD255',11),('CART289','PROD248',33),('CART269','PROD095',13),('CART406','PROD161',27),('CART150','PROD068',45),('CART041','PROD268',29),('CART202','PROD270',10),('CART322','PROD003',40),('CART257','PROD240',5),('CART128','PROD174',44),('CART230','PROD240',36),('CART276','PROD142',26),('CART323','PROD245',10),('CART380','PROD049',30),('CART016','PROD231',8),('CART142','PROD055',14),('CART479','PROD246',28),('CART447','PROD158',31),('CART324','PROD047',19),('CART141','PROD086',28),('CART173','PROD148',46),('CART443','PROD076',2),('CART008','PROD106',29),('CART453','PROD112',11),('CART039','PROD161',11),('CART196','PROD133',50),('CART246','PROD009',21),('CART481','PROD296',32),('CART155','PROD100',2),('CART242','PROD219',12),('CART352','PROD148',47),('CART136','PROD076',30),('CART319','PROD027',33),('CART117','PROD047',5),('CART342','PROD104',29),('CART020','PROD199',13),('CART310','PROD135',35),('CART285','PROD189',41),('CART024','PROD009',11),('CART112','PROD134',17),('CART110','PROD135',4),('CART471','PROD127',46),('CART384','PROD175',31),('CART216','PROD184',17),('CART277','PROD218',9),('CART087','PROD083',26),('CART030','PROD240',43),('CART235','PROD003',37),('CART092','PROD124',4),('CART390','PROD048',10),('CART461','PROD153',5),('CART307','PROD049',24),('CART300','PROD172',49),('CART214','PROD193',22),('CART186','PROD248',48),('CART309','PROD185',13),('CART141','PROD006',35),('CART050','PROD235',7),('CART411','PROD069',25),('CART365','PROD280',10),('CART008','PROD222',28),('CART335','PROD010',26),('CART256','PROD024',34),('CART331','PROD275',13),('CART199','PROD099',2),('CART373','PROD128',2),('CART437','PROD135',1),('CART336','PROD227',16),('CART310','PROD235',6),('CART083','PROD236',26),('CART110','PROD258',2),('CART094','PROD192',34),('CART187','PROD266',46),('CART435','PROD223',12),('CART382','PROD245',45),('CART368','PROD207',4),('CART343','PROD007',3),('CART477','PROD238',20),('CART029','PROD105',12),('CART230','PROD292',23),('CART325','PROD170',47),('CART403','PROD042',8),('CART141','PROD276',19),('CART021','PROD054',43),('CART341','PROD293',32),('CART484','PROD063',11),('CART108','PROD269',39),('CART210','PROD199',30),('CART081','PROD092',47),('CART418','PROD058',7),('CART403','PROD213',44),('CART099','PROD242',26),('CART327','PROD105',25),('CART189','PROD069',44),('CART260','PROD079',48),('CART085','PROD184',10),('CART241','PROD252',23),('CART299','PROD242',45),('CART359','PROD257',5),('CART097','PROD020',28),('CART296','PROD177',6),('CART134','PROD250',18),('CART093','PROD060',10),('CART220','PROD276',20),('CART227','PROD256',7),('CART389','PROD034',33),('CART148','PROD179',38),('CART077','PROD169',45),('CART186','PROD181',33),('CART080','PROD011',35),('CART003','PROD190',25),('CART437','PROD111',17),('CART266','PROD238',17),('CART370','PROD257',19),('CART008','PROD204',27),('CART380','PROD204',5),('CART133','PROD245',5),('CART403','PROD193',37),('CART495','PROD121',46),('CART194','PROD058',7),('CART439','PROD246',40),('CART023','PROD156',7),('CART156','PROD157',48),('CART077','PROD161',45),('CART011','PROD132',36),('CART105','PROD017',5),('CART181','PROD246',6),('CART080','PROD077',40),('CART073','PROD153',6),('CART417','PROD070',46),('CART002','PROD050',40),('CART234','PROD122',6),('CART247','PROD067',34),('CART194','PROD098',14),('CART056','PROD180',23),('CART198','PROD200',23),('CART490','PROD038',20),('CART252','PROD067',44),('CART410','PROD099',37),('CART424','PROD174',8),('CART443','PROD163',9),('CART158','PROD016',13),('CART174','PROD188',32),('CART497','PROD249',16),('CART088','PROD127',1),('CART019','PROD026',7),('CART375','PROD128',50),('CART468','PROD126',30),('CART121','PROD019',2),('CART402','PROD098',42),('CART054','PROD126',47),('CART448','PROD034',17),('CART485','PROD089',40),('CART379','PROD021',13),('CART005','PROD083',7),('CART330','PROD178',32),('CART344','PROD047',47),('CART474','PROD210',3),('CART459','PROD053',46),('CART056','PROD176',3),('CART450','PROD135',23),('CART167','PROD112',40),('CART347','PROD053',20),('CART124','PROD123',34),('CART379','PROD022',42),('CART164','PROD205',47),('CART014','PROD071',45),('CART424','PROD211',7),('CART008','PROD152',16),('CART321','PROD283',26),('CART296','PROD041',11),('CART326','PROD103',8),('CART280','PROD132',48),('CART478','PROD044',48),('CART188','PROD004',38),('CART085','PROD153',16),('CART031','PROD059',36),('CART286','PROD106',18),('CART318','PROD104',40),('CART164','PROD166',43),('CART131','PROD186',23),('CART467','PROD209',18),('CART085','PROD199',31),('CART385','PROD105',20),('CART358','PROD242',48),('CART206','PROD182',18),('CART279','PROD076',31),('CART403','PROD298',20),('CART045','PROD070',15),('CART434','PROD066',35),('CART492','PROD287',14),('CART492','PROD142',33),('CART053','PROD071',4),('CART129','PROD172',23),('CART209','PROD247',16),('CART478','PROD066',14),('CART210','PROD024',37),('CART431','PROD078',48),('CART104','PROD140',21),('CART235','PROD027',24),('CART236','PROD194',20),('CART491','PROD071',7),('CART353','PROD092',28),('CART417','PROD130',43),('CART083','PROD225',3),('CART151','PROD067',9),('CART339','PROD269',14),('CART410','PROD200',28),('CART187','PROD264',22),('CART388','PROD113',41),('CART057','PROD219',32),('CART317','PROD031',50),('CART090','PROD149',19),('CART393','PROD180',32),('CART410','PROD071',40),('CART066','PROD153',36),('CART435','PROD234',32),('CART136','PROD185',17),('CART429','PROD104',21),('CART460','PROD257',29),('CART375','PROD086',36),('CART415','PROD249',27),('CART254','PROD246',34),('CART399','PROD204',15),('CART048','PROD196',47),('CART393','PROD293',38),('CART055','PROD122',10),('CART051','PROD172',4),('CART253','PROD058',1),('CART223','PROD174',40),('CART427','PROD142',33),('CART415','PROD284',46),('CART387','PROD041',25),('CART339','PROD263',17),('CART136','PROD134',6),('CART214','PROD239',49),('CART412','PROD199',48),('CART451','PROD099',49),('CART247','PROD106',6),('CART122','PROD191',21),('CART075','PROD163',43),('CART255','PROD145',7),('CART498','PROD209',24),('CART007','PROD286',34),('CART269','PROD112',47),('CART328','PROD072',32),('CART331','PROD175',9),('CART128','PROD152',20),('CART267','PROD017',20),('CART281','PROD300',37),('CART452','PROD147',43),('CART118','PROD184',27),('CART003','PROD267',15),('CART109','PROD231',5),('CART134','PROD247',8),('CART175','PROD039',21),('CART367','PROD187',22),('CART021','PROD216',30),('CART414','PROD255',3),('CART199','PROD097',41),('CART412','PROD205',40),('CART130','PROD231',38),('CART131','PROD195',21),('CART203','PROD132',32),('CART465','PROD230',28),('CART302','PROD053',29),('CART262','PROD059',38),('CART139','PROD189',37),('CART202','PROD103',21),('CART271','PROD030',7),('CART419','PROD073',19),('CART181','PROD054',4),('CART466','PROD142',2),('CART451','PROD275',49),('CART466','PROD251',15),('CART223','PROD135',49),('CART082','PROD238',2),('CART156','PROD170',39),('CART077','PROD180',45),('CART061','PROD190',8),('CART440','PROD238',45),('CART056','PROD238',30),('CART464','PROD202',24),('CART218','PROD222',19),('CART232','PROD161',37),('CART096','PROD194',49),('CART390','PROD086',8),('CART368','PROD053',5),('CART165','PROD006',4),('CART327','PROD091',35),('CART040','PROD250',38),('CART331','PROD071',14),('CART381','PROD031',24),('CART008','PROD129',17),('CART444','PROD175',27),('CART116','PROD254',50),('CART273','PROD203',13),('CART354','PROD007',13),('CART337','PROD038',29),('CART452','PROD178',40),('CART158','PROD113',6),('CART217','PROD223',21),('CART068','PROD024',36),('CART316','PROD105',5),('CART354','PROD166',47),('CART415','PROD004',1),('CART133','PROD023',20),('CART032','PROD096',22),('CART188','PROD258',11),('CART350','PROD155',27),('CART145','PROD211',19),('CART402','PROD282',30),('CART407','PROD040',38),('CART494','PROD075',13),('CART185','PROD108',45),('CART396','PROD263',1),('CART345','PROD038',37);
/*!40000 ALTER TABLE `cart_item` ENABLE KEYS */;
UNLOCK TABLES;

--
-- Table structure for table `category`
--

DROP TABLE IF EXISTS `category`;
/*!40101 SET @saved_cs_client     = @@character_set_client */;
/*!50503 SET character_set_client = utf8mb4 */;
CREATE TABLE `category` (
  `category_id` varchar(11) NOT NULL,
  `admin_id` varchar(8) DEFAULT NULL,
  `category_name` varchar(17) NOT NULL,
  PRIMARY KEY (`category_id`),
  KEY `admin_id` (`admin_id`),
  CONSTRAINT `category_ibfk_1` FOREIGN KEY (`admin_id`) REFERENCES `admin` (`admin_id`)
) ENGINE=InnoDB DEFAULT CHARSET=utf8mb4 COLLATE=utf8mb4_0900_ai_ci;
/*!40101 SET character_set_client = @saved_cs_client */;

--
-- Dumping data for table `category`
--

LOCK TABLES `category` WRITE;
/*!40000 ALTER TABLE `category` DISABLE KEYS */;
INSERT INTO `category` VALUES ('CATEGORY001','ADMIN097','Smartphones'),('CATEGORY002','ADMIN008','Television'),('CATEGORY003','ADMIN074','Ovens'),('CATEGORY004','ADMIN072','Furniture'),('CATEGORY005','ADMIN077','Gardening tools'),('CATEGORY006','ADMIN100','Compost'),('CATEGORY007','ADMIN051','Seeds'),('CATEGORY008','ADMIN082','Books'),('CATEGORY009','ADMIN053','Menswear'),('CATEGORY010','ADMIN048','Womenswear'),('CATEGORY011','ADMIN075','Jewellery'),('CATEGORY012','ADMIN009','Watches'),('CATEGORY013','ADMIN100','Perfumes'),('CATEGORY014','ADMIN067','Grocery'),('CATEGORY015','ADMIN046','Backpacks'),('CATEGORY016','ADMIN008','Purses'),('CATEGORY017','ADMIN042','Laptops'),('CATEGORY018','ADMIN100','Speakers'),('CATEGORY019','ADMIN072','Headphones'),('CATEGORY020','ADMIN026','Earphones'),('CATEGORY021','ADMIN039','Electronics'),('CATEGORY022','ADMIN081','Gift sets'),('CATEGORY023','ADMIN083','Paintings'),('CATEGORY024','ADMIN056','Handicrafts'),('CATEGORY025','ADMIN093','Shoes'),('CATEGORY026','ADMIN094','Caps'),('CATEGORY027','ADMIN068','Bicycles'),('CATEGORY028','ADMIN026','Stationery'),('CATEGORY029','ADMIN008','CATEGORY_NAME_031'),('CATEGORY030','ADMIN017','CATEGORY_NAME_032'),('CATEGORY031','ADMIN057','CATEGORY_NAME_033'),('CATEGORY032','ADMIN099','CATEGORY_NAME_034'),('CATEGORY033','ADMIN067','CATEGORY_NAME_035'),('CATEGORY034','ADMIN011','CATEGORY_NAME_036'),('CATEGORY035','ADMIN028','CATEGORY_NAME_037'),('CATEGORY036','ADMIN057','CATEGORY_NAME_038'),('CATEGORY037','ADMIN034','CATEGORY_NAME_039'),('CATEGORY038','ADMIN078','CATEGORY_NAME_040'),('CATEGORY039','ADMIN056','CATEGORY_NAME_041'),('CATEGORY040','ADMIN034','CATEGORY_NAME_042'),('CATEGORY041','ADMIN033','CATEGORY_NAME_043'),('CATEGORY042','ADMIN060','CATEGORY_NAME_044'),('CATEGORY043','ADMIN045','CATEGORY_NAME_045'),('CATEGORY044','ADMIN014','CATEGORY_NAME_046'),('CATEGORY045','ADMIN062','CATEGORY_NAME_047'),('CATEGORY046','ADMIN012','CATEGORY_NAME_048'),('CATEGORY047','ADMIN038','CATEGORY_NAME_049'),('CATEGORY048','ADMIN062','CATEGORY_NAME_050'),('CATEGORY049','ADMIN089','CATEGORY_NAME_051'),('CATEGORY050','ADMIN035','CATEGORY_NAME_052'),('CATEGORY051','ADMIN086','CATEGORY_NAME_053'),('CATEGORY052','ADMIN032','CATEGORY_NAME_054'),('CATEGORY053','ADMIN017','CATEGORY_NAME_055'),('CATEGORY054','ADMIN060','CATEGORY_NAME_056'),('CATEGORY055','ADMIN038','CATEGORY_NAME_057'),('CATEGORY056','ADMIN026','CATEGORY_NAME_058'),('CATEGORY057','ADMIN006','CATEGORY_NAME_059'),('CATEGORY058','ADMIN061','CATEGORY_NAME_060'),('CATEGORY059','ADMIN017','CATEGORY_NAME_061'),('CATEGORY060','ADMIN027','CATEGORY_NAME_062'),('CATEGORY061','ADMIN061','CATEGORY_NAME_063'),('CATEGORY062','ADMIN091','CATEGORY_NAME_064'),('CATEGORY063','ADMIN004','CATEGORY_NAME_065'),('CATEGORY064','ADMIN009','CATEGORY_NAME_066'),('CATEGORY065','ADMIN081','CATEGORY_NAME_067'),('CATEGORY066','ADMIN063','CATEGORY_NAME_068'),('CATEGORY067','ADMIN084','CATEGORY_NAME_069'),('CATEGORY068','ADMIN039','CATEGORY_NAME_070'),('CATEGORY069','ADMIN014','CATEGORY_NAME_071'),('CATEGORY070','ADMIN005','CATEGORY_NAME_072'),('CATEGORY071','ADMIN036','CATEGORY_NAME_073'),('CATEGORY072','ADMIN073','CATEGORY_NAME_074'),('CATEGORY073','ADMIN030','CATEGORY_NAME_075'),('CATEGORY074','ADMIN016','CATEGORY_NAME_076'),('CATEGORY075','ADMIN038','CATEGORY_NAME_077'),('CATEGORY076','ADMIN080','CATEGORY_NAME_078'),('CATEGORY077','ADMIN005','CATEGORY_NAME_079'),('CATEGORY078','ADMIN038','CATEGORY_NAME_080'),('CATEGORY079','ADMIN023','CATEGORY_NAME_081'),('CATEGORY080','ADMIN063','CATEGORY_NAME_082'),('CATEGORY081','ADMIN047','CATEGORY_NAME_083'),('CATEGORY082','ADMIN005','CATEGORY_NAME_084'),('CATEGORY083','ADMIN050','CATEGORY_NAME_085'),('CATEGORY084','ADMIN063','CATEGORY_NAME_086'),('CATEGORY085','ADMIN010','CATEGORY_NAME_087'),('CATEGORY086','ADMIN066','CATEGORY_NAME_088'),('CATEGORY087','ADMIN024','CATEGORY_NAME_089'),('CATEGORY088','ADMIN059','CATEGORY_NAME_090'),('CATEGORY089','ADMIN082','CATEGORY_NAME_091'),('CATEGORY090','ADMIN049','CATEGORY_NAME_092'),('CATEGORY091','ADMIN042','CATEGORY_NAME_093'),('CATEGORY092','ADMIN049','CATEGORY_NAME_094'),('CATEGORY093','ADMIN095','CATEGORY_NAME_095'),('CATEGORY094','ADMIN076','CATEGORY_NAME_096'),('CATEGORY095','ADMIN095','CATEGORY_NAME_097'),('CATEGORY096','ADMIN089','CATEGORY_NAME_098'),('CATEGORY097','ADMIN056','CATEGORY_NAME_099'),('CATEGORY098','ADMIN083','CATEGORY_NAME_100'),('CATEGORY099','ADMIN011','CATEGORY_NAME_101'),('CATEGORY100','ADMIN041','CATEGORY_NAME_102'),('CATEGORY101','ADMIN094','CATEGORY_NAME_103'),('CATEGORY102','ADMIN017','CATEGORY_NAME_104'),('CATEGORY103','ADMIN086','CATEGORY_NAME_105'),('CATEGORY104','ADMIN043','CATEGORY_NAME_106'),('CATEGORY105','ADMIN065','CATEGORY_NAME_107'),('CATEGORY106','ADMIN060','CATEGORY_NAME_108'),('CATEGORY107','ADMIN051','CATEGORY_NAME_109'),('CATEGORY108','ADMIN017','CATEGORY_NAME_110'),('CATEGORY109','ADMIN029','CATEGORY_NAME_111'),('CATEGORY110','ADMIN020','CATEGORY_NAME_112'),('CATEGORY111','ADMIN019','CATEGORY_NAME_113'),('CATEGORY112','ADMIN075','CATEGORY_NAME_114'),('CATEGORY113','ADMIN024','CATEGORY_NAME_115'),('CATEGORY114','ADMIN049','CATEGORY_NAME_116'),('CATEGORY115','ADMIN013','CATEGORY_NAME_117'),('CATEGORY116','ADMIN077','CATEGORY_NAME_118'),('CATEGORY117','ADMIN026','CATEGORY_NAME_119'),('CATEGORY118','ADMIN095','CATEGORY_NAME_120'),('CATEGORY119','ADMIN022','CATEGORY_NAME_121'),('CATEGORY120','ADMIN033','CATEGORY_NAME_122'),('CATEGORY121','ADMIN086','CATEGORY_NAME_123'),('CATEGORY122','ADMIN087','CATEGORY_NAME_124'),('CATEGORY123','ADMIN092','CATEGORY_NAME_125'),('CATEGORY124','ADMIN086','CATEGORY_NAME_126'),('CATEGORY125','ADMIN068','CATEGORY_NAME_127'),('CATEGORY126','ADMIN057','CATEGORY_NAME_128'),('CATEGORY127','ADMIN025','CATEGORY_NAME_129'),('CATEGORY128','ADMIN007','CATEGORY_NAME_130'),('CATEGORY129','ADMIN095','CATEGORY_NAME_131'),('CATEGORY130','ADMIN079','CATEGORY_NAME_132'),('CATEGORY131','ADMIN017','CATEGORY_NAME_133'),('CATEGORY132','ADMIN025','CATEGORY_NAME_134'),('CATEGORY133','ADMIN032','CATEGORY_NAME_135'),('CATEGORY134','ADMIN035','CATEGORY_NAME_136'),('CATEGORY135','ADMIN002','CATEGORY_NAME_137'),('CATEGORY136','ADMIN068','CATEGORY_NAME_138'),('CATEGORY137','ADMIN042','CATEGORY_NAME_139'),('CATEGORY138','ADMIN002','CATEGORY_NAME_140'),('CATEGORY139','ADMIN044','CATEGORY_NAME_141'),('CATEGORY140','ADMIN057','CATEGORY_NAME_142'),('CATEGORY141','ADMIN072','CATEGORY_NAME_143'),('CATEGORY142','ADMIN096','CATEGORY_NAME_144'),('CATEGORY143','ADMIN093','CATEGORY_NAME_145'),('CATEGORY144','ADMIN043','CATEGORY_NAME_146'),('CATEGORY145','ADMIN075','CATEGORY_NAME_147'),('CATEGORY146','ADMIN013','CATEGORY_NAME_148'),('CATEGORY147','ADMIN014','CATEGORY_NAME_149'),('CATEGORY148','ADMIN011','CATEGORY_NAME_150'),('CATEGORY149','ADMIN049','Smartphones'),('CATEGORY150','ADMIN004','Television');
/*!40000 ALTER TABLE `category` ENABLE KEYS */;
UNLOCK TABLES;

--
-- Table structure for table `coupon`
--

DROP TABLE IF EXISTS `coupon`;
/*!40101 SET @saved_cs_client     = @@character_set_client */;
/*!50503 SET character_set_client = utf8mb4 */;
CREATE TABLE `coupon` (
  `coupon_id` varchar(6) NOT NULL,
  `admin_id` varchar(8) DEFAULT NULL,
  `coupon_code` varchar(50) NOT NULL,
  `percentage_discount` int NOT NULL,
  `description` varchar(25) NOT NULL,
  PRIMARY KEY (`coupon_id`),
  KEY `admin_id` (`admin_id`),
  CONSTRAINT `coupon_ibfk_1` FOREIGN KEY (`admin_id`) REFERENCES `admin` (`admin_id`)
) ENGINE=InnoDB DEFAULT CHARSET=utf8mb4 COLLATE=utf8mb4_0900_ai_ci;
/*!40101 SET character_set_client = @saved_cs_client */;

--
-- Dumping data for table `coupon`
--

LOCK TABLES `coupon` WRITE;
/*!40000 ALTER TABLE `coupon` DISABLE KEYS */;
INSERT INTO `coupon` VALUES ('COU001','ADMIN079','04756',15,'New Year discount'),('COU002','ADMIN026','71',25,'Diwali discount'),('COU003','ADMIN078','70066',12,'Republic Day discount'),('COU004','ADMIN036','5',28,'Easter Sunday Discount'),('COU005','ADMIN010','72972',4,'Merry Christmas Discount'),('COU006','ADMIN023','8',15,'Merry Christmas Discount'),('COU007','ADMIN034','755',27,'Joining discount'),('COU008','ADMIN050','414',13,'Holi Discount'),('COU009','ADMIN047','27683',14,'Good Friday Discount'),('COU010','ADMIN074','3',24,'Holi Discount'),('COU011','ADMIN078','1',1,'Holi Discount'),('COU012','ADMIN012','1',16,'Easter Sunday Discount'),('COU013','ADMIN062','37',5,'Easter Sunday Discount'),('COU014','ADMIN050','37',30,'Joining discount'),('COU015','ADMIN046','7600',15,'Good Friday Discount'),('COU016','ADMIN017','79',2,'New Year discount'),('COU017','ADMIN054','6188',3,'Diwali discount'),('COU018','ADMIN090','7919',25,'Merry Christmas Discount'),('COU019','ADMIN036','567',8,'Merry Christmas Discount'),('COU020','ADMIN098','2',24,'Easter Sunday Discount'),('COU021','ADMIN034','846',29,'Joining discount'),('COU022','ADMIN004','725',26,'Holi Discount'),('COU023','ADMIN060','40510',7,'Joining discount'),('COU024','ADMIN029','09225',1,'New Year discount'),('COU025','ADMIN009','5',27,'IndependenceDaydiscount'),('COU026','ADMIN076','2002',9,'Republic Day discount'),('COU027','ADMIN061','62766',27,'Merry Christmas Discount'),('COU028','ADMIN082','72015',6,'Republic Day discount'),('COU029','ADMIN048','17374',20,'Black Friday Discount'),('COU030','ADMIN051','668',18,'Good Friday Discount'),('COU031','ADMIN040','84',6,'IndependenceDaydiscount'),('COU032','ADMIN039','21',6,'Good Friday Discount'),('COU033','ADMIN055','9610',24,'Diwali discount'),('COU034','ADMIN075','920',17,'Joining discount'),('COU035','ADMIN024','3',29,'Merry Christmas Discount'),('COU036','ADMIN047','22213',12,'Black Friday Discount'),('COU037','ADMIN056','2',23,'Easter Sunday Discount'),('COU038','ADMIN065','338',27,'Merry Christmas Discount'),('COU039','ADMIN010','6171',9,'Easter Sunday Discount'),('COU040','ADMIN090','06791',23,'Good Friday Discount'),('COU041','ADMIN094','77',9,'Diwali discount'),('COU042','ADMIN046','76',18,'Good Friday Discount'),('COU043','ADMIN007','103',3,'Republic Day discount'),('COU044','ADMIN065','69991',8,'Black Friday Discount'),('COU045','ADMIN056','4',7,'Good Friday Discount'),('COU046','ADMIN043','7125',9,'Good Friday Discount'),('COU047','ADMIN048','343',1,'Easter Sunday Discount'),('COU048','ADMIN065','0649',11,'Easter Sunday Discount'),('COU049','ADMIN069','1',18,'New Year discount'),('COU050','ADMIN014','27254',20,'New Year discount'),('COU051','ADMIN021','22759',9,'Merry Christmas Discount'),('COU052','ADMIN032','388',29,'Good Friday Discount'),('COU053','ADMIN098','6',20,'Republic Day discount'),('COU054','ADMIN098','564',25,'Good Friday Discount'),('COU055','ADMIN096','65925',25,'Diwali discount'),('COU056','ADMIN024','97709',11,'New Year discount'),('COU057','ADMIN039','3184',6,'Easter Sunday Discount'),('COU058','ADMIN041','7655',5,'New Year discount'),('COU059','ADMIN095','825',25,'Good Friday Discount'),('COU060','ADMIN043','397',10,'Good Friday Discount'),('COU061','ADMIN074','157',6,'Good Friday Discount'),('COU062','ADMIN081','71731',29,'Good Friday Discount'),('COU063','ADMIN028','0',27,'Joining discount'),('COU064','ADMIN024','9',30,'Diwali discount'),('COU065','ADMIN056','893',2,'Good Friday Discount'),('COU066','ADMIN088','01',22,'Good Friday Discount'),('COU067','ADMIN038','57031',17,'Easter Sunday Discount'),('COU068','ADMIN054','87',7,'Diwali discount'),('COU069','ADMIN068','5243',11,'IndependenceDaydiscount'),('COU070','ADMIN009','84',23,'Holi Discount'),('COU071','ADMIN005','93',23,'New Year discount'),('COU072','ADMIN032','4',25,'Republic Day discount'),('COU073','ADMIN098','8126',11,'Diwali discount'),('COU074','ADMIN043','1',24,'Holi Discount'),('COU075','ADMIN039','303',7,'Republic Day discount'),('COU076','ADMIN078','46',17,'Black Friday Discount'),('COU077','ADMIN045','55719',19,'Merry Christmas Discount'),('COU078','ADMIN074','8449',10,'Good Friday Discount'),('COU079','ADMIN098','5465',20,'IndependenceDaydiscount'),('COU080','ADMIN028','4477',4,'Holi Discount'),('COU081','ADMIN006','014',20,'Merry Christmas Discount'),('COU082','ADMIN007','1476',10,'Good Friday Discount'),('COU083','ADMIN090','9598',17,'Joining discount'),('COU084','ADMIN029','5',4,'Republic Day discount'),('COU085','ADMIN050','50',14,'Good Friday Discount'),('COU086','ADMIN042','77',21,'Merry Christmas Discount'),('COU087','ADMIN100','3048',1,'Black Friday Discount'),('COU088','ADMIN034','1073',1,'Republic Day discount'),('COU089','ADMIN091','14',17,'Black Friday Discount'),('COU090','ADMIN053','857',2,'Black Friday Discount'),('COU091','ADMIN062','100',7,'New Year discount'),('COU092','ADMIN068','1',20,'Republic Day discount'),('COU093','ADMIN024','267',4,'Easter Sunday Discount'),('COU094','ADMIN071','623',5,'Diwali discount'),('COU095','ADMIN078','89029',23,'Holi Discount'),('COU096','ADMIN088','58',17,'Easter Sunday Discount'),('COU097','ADMIN077','528',13,'Diwali discount'),('COU098','ADMIN067','528',15,'IndependenceDaydiscount'),('COU099','ADMIN025','29',14,'Holi Discount'),('COU100','ADMIN024','46273',2,'Diwali discount');
/*!40000 ALTER TABLE `coupon` ENABLE KEYS */;
UNLOCK TABLES;

--
-- Table structure for table `customer`
--

DROP TABLE IF EXISTS `customer`;
/*!40101 SET @saved_cs_client     = @@character_set_client */;
/*!50503 SET character_set_client = utf8mb4 */;
CREATE TABLE `customer` (
  `customer_id` varchar(7) NOT NULL,
  `cart_id` varchar(7) DEFAULT NULL,
  `first_name` varchar(50) NOT NULL,
  `last_name` varchar(50) NOT NULL,
  `birth_date` date NOT NULL,
  `phone_number` varchar(50) DEFAULT NULL,
  `email_id` varchar(50) NOT NULL,
  `house_number` int NOT NULL,
  `street` varchar(50) NOT NULL,
  `city` varchar(50) NOT NULL,
  `pincode` int NOT NULL,
  `state` varchar(50) DEFAULT NULL,
  `country` varchar(50) NOT NULL,
  `points_earned` int DEFAULT NULL,
  `membership_status` varchar(6) NOT NULL,
  PRIMARY KEY (`customer_id`),
  KEY `cart_id` (`cart_id`),
  CONSTRAINT `customer_ibfk_1` FOREIGN KEY (`cart_id`) REFERENCES `cart` (`cart_id`)
) ENGINE=InnoDB DEFAULT CHARSET=utf8mb4 COLLATE=utf8mb4_0900_ai_ci;
/*!40101 SET character_set_client = @saved_cs_client */;

--
-- Dumping data for table `customer`
--

LOCK TABLES `customer` WRITE;
/*!40000 ALTER TABLE `customer` DISABLE KEYS */;
INSERT INTO `customer` VALUES ('CUST001','CART001','Cherye','Doohan','1994-12-19','4411242025','cdoohan0@nasa.gov',251,'5019 Spenser Avenue','Buliran Segundo',526547,NULL,'Philippines',2895,'Prime'),('CUST002','CART002','Rollin','Jermey','1959-09-17','5711869536','rjermey1@buzzfeed.com',234,'8 Sachs Court','Sigu',503340,NULL,'China',4717,'Prime'),('CUST003','CART003','Trina','Swalough','1972-05-07','1696458486','tswalough2@opensource.org',252,'28465 Paget Way','Patique',187433,NULL,'Philippines',1511,'Normal'),('CUST004','CART004','Cris','Kingswold','1970-08-06','7423425801','ckingswold3@kickstarter.com',11,'1 Carpenter Pass','Moriya',137662,NULL,'Japan',1275,'Prime'),('CUST005','CART005','Leonerd','Burling','1976-09-05','4273657682','lburling4@nationalgeographic.com',121,'9 Lakewood Gardens Parkway','Kln',387874,'Nordrhein-Westfalen','Germany',3407,'Normal'),('CUST006','CART006','Scarlett','MacKill','1955-07-24','8343950542','smackill5@wix.com',53,'3454 Florence Trail','Vaggeryd',595050,'Jnkping','Sweden',NULL,'Prime'),('CUST007','CART007','Olenolin','Pogue','1995-02-03','2521095820','opogue6@sun.com',44,'762 Merchant Trail','Ash Shanyah',189276,NULL,'Qatar',1226,'Prime'),('CUST008','CART008','Sarena','Guiot','1993-08-26','8534798598','sguiot7@ucoz.com',51,'46 Stephen Drive','Stockholm',389265,'Stockholm','Sweden',2134,'Elite'),('CUST009','CART009','Hobart','Paxforde','1991-01-01','4878790524','hpaxforde8@163.com',214,'21184 Washington Street','Simo',367951,NULL,'Finland',2321,'Elite'),('CUST010','CART010','Odille','Florio','1950-12-20','7298544304','oflorio9@de.vu',228,'76 Hauk Way','Strmsund',178947,'Jmtland','Sweden',2112,'Elite'),('CUST011','CART011','Edeline','Stelli','1973-10-18','2868063880','estellia@prweb.com',103,'17 Dorton Place','Black River',456884,NULL,'Jamaica',1746,'Normal'),('CUST012','CART012','Barnie','Fosdyke','1976-01-21',NULL,'bfosdykeb@123-reg.co.uk',149,'24 Havey Plaza','Saltsjbaden',553841,'Stockholm','Sweden',4120,'Prime'),('CUST013','CART013','Catarina','Wardall','1951-08-07','9396699102','cwardallc@hubpages.com',189,'8911 Mariners Cove Center','Caidian',473676,NULL,'China',NULL,'Prime'),('CUST014','CART014','Ailyn','Nashe','1972-07-18','7869488645','anashed@europa.eu',295,'276 Muir Point','Ambon',295941,NULL,'Indonesia',1921,'Elite'),('CUST015','CART015','Annice','Dicte','1957-03-27','4257159276','adictee@github.com',15,'5 Division Point','Nong Ruea',376861,NULL,'Thailand',2229,'Elite'),('CUST016','CART016','Jessica','Blackmoor','1959-08-01','7241195613','jblackmoorf@utexas.edu',214,'3 Norway Maple Center','Dajie',128080,NULL,'China',859,'Elite'),('CUST017','CART017','Shawn','Wherton','1973-02-04','5248886824','swhertong@icq.com',145,'4528 Lawn Alley','Bors',391257,'Vstra Gtaland','Sweden',3060,'Elite'),('CUST018','CART018','Gnni','Borwick','1975-05-31','2765417024','gborwickh@ucoz.ru',194,'815 Clarendon Park','Narail',209965,NULL,'Bangladesh',4598,'Normal'),('CUST019','CART019','Tiler','Jowett','1977-07-28','3439114337','tjowetti@mapy.cz',232,'5 Kennedy Terrace','Barubandung',216500,NULL,'Indonesia',1382,'Normal'),('CUST020','CART020','Leticia','Cockayme','1995-12-20','8111225773','lcockaymej@liveinternet.ru',7,'01 Park Meadow Plaza','Mozirje',290964,NULL,'Slovenia',3722,'Normal'),('CUST021','CART021','Hanna','Jevons','1981-04-07','7526823464','hjevonsk@ebay.co.uk',207,'96 Muir Lane','Mweka',401210,NULL,'Democratic Republic of the Congo',3787,'Elite'),('CUST022','CART022','Ketty','Wardley','1963-04-27','7048270361','kwardleyl@nih.gov',51,'8 Graedel Terrace','Gteborg',185248,'Vstra Gtaland','Sweden',2943,'Elite'),('CUST023','CART023','Lara','Baskerville','1964-11-01','3006119488','lbaskervillem@weebly.com',103,'7339 Stuart Junction','Haukipudas',193674,NULL,'Finland',2904,'Elite'),('CUST024','CART024','Twyla','Conws','1976-09-28','9146855687','tconwsn@godaddy.com',222,'7042 Village Plaza','Quime',145975,NULL,'Bolivia',NULL,'Normal'),('CUST025','CART025','Agretha','Oliffe','1973-02-04','5703978007','aoliffeo@hud.gov',291,'1313 Bartillon Hill','Longos',390259,'Braga','Portugal',4807,'Normal'),('CUST026','CART026','Darlene','Riggeard','2004-09-03','3299700607','driggeardp@abc.net.au',64,'9813 Buell Street','Ollantaytambo',247408,NULL,'Peru',117,'Normal'),('CUST027','CART027','Inger','De Ruggero','1993-05-08','2881500524','ideruggeroq@addtoany.com',139,'97009 Randy Lane','Senhor do Bonfim',296497,NULL,'Brazil',3604,'Elite'),('CUST028','CART028','Laurent','Costy','2005-04-09','2412905113','lcostyr@mtv.com',198,'029 Bartillon Plaza','Phra Pradaeng',417662,NULL,'Thailand',1714,'Normal'),('CUST029','CART029','Derron','Crossdale','2001-09-26','3048714834','dcrossdales@msn.com',245,'6523 Barnett Drive','Trollhttan',489634,'Vstra Gtaland','Sweden',2640,'Prime'),('CUST030','CART030','Mayer','Vannuccinii','1996-09-11','8618649404','mvannucciniit@purevolume.com',230,'65176 Rieder Center','Kawasaki',355574,NULL,'Japan',NULL,'Prime'),('CUST031','CART031','Maddy','Behne','1950-07-04','4387637126','mbehneu@google.pl',42,'04226 Jana Alley','winna',493419,NULL,'Poland',NULL,'Prime'),('CUST032','CART032','Moses','Orehead','1999-06-12','7804784618','moreheadv@homestead.com',86,'71 Old Gate Avenue','Novorossiysk',195880,NULL,'Russia',80,'Elite'),('CUST033','CART033','Woody','MacCosty','1974-05-05','7739681025','wmaccostyw@freewebs.com',5,'4094 Hoffman Plaza','Chicago',279115,'Illinois','United States',702,'Prime'),('CUST034','CART034','Devland','Craigg','1950-09-29','4862012132','dcraiggx@howstuffworks.com',138,'59650 Mesta Plaza','Palmar de Varela',407346,NULL,'Colombia',297,'Elite'),('CUST035','CART035','Tobye','Jeffery','1987-08-11','9064829879','tjefferyy@aboutads.info',157,'7 Lindbergh Hill','Munkedal',266695,'Vstra Gtaland','Sweden',NULL,'Normal'),('CUST036','CART036','Portia','Olsson','1992-12-14','4338270646','polssonz@ifeng.com',194,'9577 Golf View Park','Dumba',246938,NULL,'New Caledonia',4198,'Prime'),('CUST037','CART037','Merridie','Karlowicz','1986-04-17',NULL,'mkarlowicz10@ted.com',235,'6 Knutson Trail','Tuofeng',350964,NULL,'China',3427,'Normal'),('CUST038','CART038','Gregor','Collinette','1970-12-07','2129395144','gcollinette11@ezinearticles.com',260,'3247 Southridge Junction','Duifang',501089,NULL,'China',2523,'Normal'),('CUST039','CART039','Rasia','Eyton','1957-11-05','4159724959','reyton12@jigsy.com',106,'5921 Killdeer Road','Romans-sur-Isre',385937,'Rhne-Alpes','France',1806,'Normal'),('CUST040','CART040','Ingunna','Corness','1982-01-22','2357672747','icorness13@wikia.com',145,'91067 Hovde Park','guas',448442,'Castelo Branco','Portugal',2105,'Elite'),('CUST041','CART041','Bab','Sallans','1995-03-04','4735332659','bsallans14@flickr.com',199,'5221 Sherman Crossing','Chachag',330428,NULL,'Colombia',4372,'Prime'),('CUST042','CART042','Molli','Elderidge','2000-03-03',NULL,'melderidge15@twitpic.com',240,'7 Rusk Road','Ayamaru',391329,NULL,'Indonesia',4019,'Prime'),('CUST043','CART043','Miltie','Wildash','1989-11-11','8966912253','mwildash16@51.la',13,'90 Union Pass','Canggou',592809,NULL,'China',3762,'Prime'),('CUST044','CART044','Vania','Benito','1976-03-27','4381454511','vbenito17@statcounter.com',17,'438 Lunder Junction','Nato',324327,NULL,'Philippines',3441,'Normal'),('CUST045','CART045','Mitchael','Dunks','1983-04-06','1042105314','mdunks18@domainmarket.com',124,'4098 Reinke Road','Bugarama',539503,NULL,'Tanzania',3348,'Normal'),('CUST046','CART046','Elga','Warsap','1954-12-20','3322220826','ewarsap19@flavors.me',252,'8394 Village Green Parkway','Vila Flor',193780,'Bragana','Portugal',631,'Normal'),('CUST047','CART047','Sandy','Selburn','1979-08-01','3858749878','sselburn1a@usgs.gov',48,'80 Goodland Lane','Chai Badan',321554,NULL,'Thailand',1579,'Prime'),('CUST048','CART048','Bron','O\'Corr','1979-03-28','8289690107','bocorr1b@ow.ly',150,'743 Loftsgordon Center','Koua',190250,NULL,'Comoros',754,'Normal'),('CUST049','CART049','Skelly','Fowler','1992-01-10','4141796989','sfowler1c@behance.net',73,'92301 Bartelt Road','Kuala Lumpur',244991,'Kuala Lumpur','Malaysia',1937,'Prime'),('CUST050','CART050','Fred','Barthelet','1990-07-15','4952689879','fbarthelet1d@pbs.org',38,'053 Reinke Circle','Zhangyelu',210747,NULL,'China',4602,'Normal'),('CUST051','CART051','Becki','Strick','2005-06-20','6926565636','bstrick1e@paypal.com',159,'7 Lake View Road','Yulin',390741,NULL,'China',3184,'Prime'),('CUST052','CART052','Lena','Burbudge','1987-05-17','4576586004','lburbudge1f@hibu.com',26,'5 Debs Terrace','Mandala',522501,NULL,'Indonesia',631,'Elite'),('CUST053','CART053','Darelle','Kubecka','1972-07-12','4153477181','dkubecka1g@weebly.com',209,'01 Macpherson Drive','Youxikou',111227,NULL,'China',4756,'Prime'),('CUST054','CART054','Christian','Tuckwood','1989-05-21','6677514394','ctuckwood1h@hud.gov',80,'02944 Vernon Hill','Luksuhin',298192,NULL,'Philippines',648,'Prime'),('CUST055','CART055','Lou','Halle','1971-01-20','6997769551','lhalle1i@over-blog.com',27,'895 Evergreen Pass','Chakou',464101,NULL,'China',920,'Normal'),('CUST056','CART056','Daren','Suttell','1997-08-03','8665823736','dsuttell1j@stanford.edu',3,'74 Coolidge Crossing','Lungmar',338177,NULL,'China',4353,'Normal'),('CUST057','CART057','Raddy','Izzett','1976-10-29','3909710643','rizzett1k@phoca.cz',83,'36656 Muir Crossing','Niechanowo',373846,NULL,'Poland',4494,'Prime'),('CUST058','CART058','Kelci','Andrys','1955-06-15','6884609006','kandrys1l@bbb.org',263,'1421 Muir Trail','Corga',167577,'Viana do Castelo','Portugal',3944,'Prime'),('CUST059','CART059','Ilario','Pidgin','2002-12-31','2046418371','ipidgin1m@networkadvertising.org',18,'374 Harper Road','Kalej',278466,NULL,'Poland',823,'Normal'),('CUST060','CART060','Dannie','Eversfield','2008-06-27','8516816601','deversfield1n@wordpress.com',171,'18 American Ash Lane','El Ocotn',344864,NULL,'Honduras',3801,'Normal'),('CUST061','CART061','Goldie','Simic','1968-04-10','8447297530','gsimic1o@seattletimes.com',106,'2 Londonderry Street','Kibiya',183611,NULL,'Nigeria',920,'Prime'),('CUST062','CART062','Cherilyn','Francois','2000-01-21','9683767611','cfrancois1p@scientificamerican.com',17,'872 John Wall Plaza','rebro',231990,'rebro','Sweden',182,'Normal'),('CUST063','CART063','Rosaleen','Wisam','1977-09-29','7018177769','rwisam1q@blinklist.com',75,'5211 Fisk Circle','Xinqiao',545229,NULL,'China',1615,'Elite'),('CUST064','CART064','Brigitta','Huddleston','1961-06-07','6911775371','bhuddleston1r@dmoz.org',144,'5 Oriole Park','Mae Fa Luang',193875,NULL,'Thailand',2643,'Normal'),('CUST065','CART065','Pauline','Koppens','2002-08-25','9958832090','pkoppens1s@jigsy.com',125,'55 Jana Circle','Clanwilliam',115558,NULL,'South Africa',4590,'Elite'),('CUST066','CART066','Ajay','Phillps','2003-10-22','4176068408','aphillps1t@usa.gov',11,'74 Aberg Plaza','Springfield',132237,'Missouri','United States',NULL,'Elite'),('CUST067','CART067','Ezechiel','Pressland','1963-05-20','1372375890','epressland1u@sciencedirect.com',223,'21 Blue Bill Park Circle','Fort-de-France',432912,'Martinique','Martinique',698,'Elite'),('CUST068','CART068','Marga','Minthorpe','1987-09-10','7093116268','mminthorpe1v@harvard.edu',84,'2923 Park Meadow Pass','Neuqun',232992,NULL,'Argentina',3310,'Normal'),('CUST069','CART069','Joni','Camilio','1987-09-11','5944426107','jcamilio1w@vkontakte.ru',80,'73 Delaware Center','Suoszowa',518833,NULL,'Poland',3221,'Normal'),('CUST070','CART070','Aaron','Sanpere','2003-03-29','3029407030','asanpere1x@people.com.cn',53,'58680 Center Crossing','Cinagrog Girang',390419,NULL,'Indonesia',2276,'Prime'),('CUST071','CART071','Rocky','Comfort','1982-05-15','8256324124','rcomfort1y@epa.gov',300,'1921 Mallory Crossing','Hemanv Mstec',210304,NULL,'Czech Republic',4535,'Normal'),('CUST072','CART072','Minnnie','Maletratt','1989-08-05','9818104683','mmaletratt1z@shinystat.com',265,'9089 Moland Circle','Shaowu',529268,NULL,'China',1022,'Elite'),('CUST073','CART073','Ernest','Hursey','2004-08-21','4175570350','ehursey20@sakura.ne.jp',197,'53 Manley Lane','Kendaruan',234390,NULL,'Indonesia',NULL,'Elite'),('CUST074','CART074','Mickey','Jeens','2008-07-01','6148960135','mjeens21@wordpress.org',138,'298 Monterey Pass','Kekeran',269791,NULL,'Indonesia',2941,'Elite'),('CUST075','CART075','Veronique','Dillimore','2009-07-01',NULL,'vdillimore22@mysql.com',112,'622 Blackbird Trail','Piranshahr',462055,NULL,'Iran',1715,'Prime'),('CUST076','CART076','Dre','Wegman','1991-09-12','2689232554','dwegman23@infoseek.co.jp',154,'3174 Crescent Oaks Crossing','Manado',489338,NULL,'Indonesia',735,'Elite'),('CUST077','CART077','Raina','Langstone','1985-09-12','9554163661','rlangstone24@apache.org',299,'0627 Center Crossing','Rikitgaib',420740,NULL,'Indonesia',3079,'Normal'),('CUST078','CART078','Mill','Bangham','2002-08-28','9927754158','mbangham25@independent.co.uk',202,'8 Vidon Place','Kavadarci',383457,NULL,'Macedonia',170,'Normal'),('CUST079','CART079','Merissa','MacTrustram','1996-03-19','3835999436','mmactrustram26@google.com.br',199,'4899 Kingsford Street','Limon',294724,NULL,'Philippines',2884,'Elite'),('CUST080','CART080','Jobie','Chatteris','1959-12-05','1671994101','jchatteris27@com.com',180,'803 Ramsey Way','Linggou',592643,NULL,'China',713,'Prime'),('CUST081','CART081','Bert','Row','2008-02-15','9334038064','brow28@miibeian.gov.cn',256,'0557 Manufacturers Hill','Jargalant',125008,NULL,'Mongolia',958,'Normal'),('CUST082','CART082','Easter','Manhood','2004-03-06','2922079911','emanhood29@t.co',140,'4 Oak Drive','Jixiang',585176,NULL,'China',4774,'Elite'),('CUST083','CART083','Noni','Egar','1962-12-03','2945168109','negar2a@moonfruit.com',289,'2 Karstens Court','Ng By',472209,NULL,'Vietnam',2833,'Normal'),('CUST084','CART084','Ingaborg','Mariette','1961-05-19','5377793708','imariette2b@webnode.com',40,'6 Nancy Place','Qesarya',498138,NULL,'Israel',1045,'Prime'),('CUST085','CART085','Merell','Marson','1976-02-29','5851494309','mmarson2c@symantec.com',104,'14348 Red Cloud Trail','Smolenka',268188,NULL,'Russia',4282,'Prime'),('CUST086','CART086','Waldemar','Lattka','1953-10-17','6824848268','wlattka2d@gmpg.org',38,'37 Buhler Road','Ruma',141770,NULL,'Serbia',1027,'Prime'),('CUST087','CART087','Innis','Ellerker','1952-12-28','4831611211','iellerker2e@ehow.com',188,'8800 Badeau Avenue','Mingcheng',179128,NULL,'China',4708,'Normal'),('CUST088','CART088','Elly','Syne','1978-01-20','1238523105','esyne2f@forbes.com',295,'0 Anniversary Place','Curuman',460065,NULL,'Colombia',807,'Normal'),('CUST089','CART089','Merilee','Culver','1962-12-21','4701790592','mculver2g@tumblr.com',238,'8484 Manitowish Plaza','Okrouhlice',195820,NULL,'Czech Republic',1576,'Elite'),('CUST090','CART090','Zedekiah','Seabright','2006-10-25','9894977092','zseabright2h@illinois.edu',29,'1828 Sullivan Trail','Yerazgavors',337943,NULL,'Armenia',4523,'Normal'),('CUST091','CART091','Alexandr','Woodland','1982-05-06','7371200101','awoodland2i@cbslocal.com',3,'140 Lien Lane','Ciburial',300729,NULL,'Indonesia',2049,'Normal'),('CUST092','CART092','Roscoe','Kimber','1962-09-12','3415548790','rkimber2j@w3.org',44,'10 Melby Junction','Sassandra',362182,NULL,'Ivory Coast',3114,'Prime'),('CUST093','CART093','Elsbeth','Belli','1992-05-15','8348584932','ebelli2k@ucla.edu',62,'33 Shopko Terrace','Na Kae',114034,NULL,'Thailand',2866,'Normal'),('CUST094','CART094','Uri','Avramovic','1967-06-11','7128656767','uavramovic2l@yandex.ru',97,'1 Prentice Pass','Xiyuan',287800,NULL,'China',503,'Elite'),('CUST095','CART095','Ad','Sherrett','1981-07-10','6321249022','asherrett2m@hud.gov',10,'756 Green Ridge Center','Nahura',545224,NULL,'Indonesia',4055,'Normal'),('CUST096','CART096','Nessie','Cayzer','1954-01-10','5826367257','ncayzer2n@amazonaws.com',264,'7239 Mitchell Street','Tongqing',431180,NULL,'China',2803,'Prime'),('CUST097','CART097','Chickie','Berrey','2008-10-20','3039540471','cberrey2o@sun.com',197,'4646 Prairie Rose Drive','Gteborg',314239,'Vstra Gtaland','Sweden',1853,'Prime'),('CUST098','CART098','Tera','Kobelt','1983-03-22','4596204154','tkobelt2p@eventbrite.com',82,'5 Quincy Trail','Altavista',109636,'Tamaulipas','Mexico',182,'Normal'),('CUST099','CART099','Dayle','Dingate','1969-07-15',NULL,'ddingate2q@parallels.com',240,'96752 Dennis Way','Paris 05',528863,'le-de-France','France',NULL,'Normal'),('CUST100','CART100','Ogden','Olcot','1999-06-13','7384996530','oolcot2r@washingtonpost.com',266,'2133 Bellgrove Court','Shankeng',545522,NULL,'China',3387,'Prime'),('CUST101','CART101','Boigie','Sirmond','1953-05-02','4864676233','bsirmond2s@abc.net.au',238,'35 Barby Point','Danzi',459989,NULL,'China',4690,'Elite'),('CUST102','CART102','Norean','Lean','1975-01-27','7219052728','nlean2t@bbc.co.uk',39,'7 Debra Alley','Andahuaylas',386475,NULL,'Peru',3048,'Prime'),('CUST103','CART103','Rourke','Janning','1986-07-30','7107527443','rjanning2u@weebly.com',280,'63 Corscot Road','Shushi',267313,NULL,'Azerbaijan',3852,'Elite'),('CUST104','CART104','Karmen','Kiossel','2000-03-29','9542584775','kkiossel2v@smh.com.au',13,'49 Sunbrook Center','Listowel',529063,NULL,'Ireland',570,'Normal'),('CUST105','CART105','Tilda','Reuven','1969-01-17','7283844518','treuven2w@unicef.org',17,'018 Nevada Way','Burirao',483653,NULL,'Philippines',2395,'Elite'),('CUST106','CART106','Hermione','Heaton','2007-06-28','5094283800','hheaton2x@yelp.com',274,'57 Anhalt Crossing','Sungai Raya',202621,NULL,'Indonesia',4316,'Elite'),('CUST107','CART107','Marie-ann','Busfield','1964-07-22','3036522737','mbusfield2y@joomla.org',56,'3 Warbler Point','Hushan',353328,NULL,'China',2652,'Normal'),('CUST108','CART108','Flss','Bayns','2002-10-30','3884811607','fbayns2z@si.edu',73,'5815 Valley Edge Way','Kempele',585274,NULL,'Finland',4389,'Normal'),('CUST109','CART109','Fitzgerald','Pere','1975-12-04','1782797832','fpere30@nyu.edu',209,'2 Lukken Pass','Mendeleyevo',583172,NULL,'Russia',775,'Elite'),('CUST110','CART110','Brenn','Sallans','1967-06-04','9016252808','bsallans31@tumblr.com',142,'54 Arkansas Avenue','Manadas',398143,'Ilha de So Jorge','Portugal',4215,'Prime'),('CUST111','CART111','Thomasa','Vahl','1962-07-10','4265751543','tvahl32@yandex.ru',115,'720 Thackeray Way','Nouaseur',556046,NULL,'Morocco',220,'Elite'),('CUST112','CART112','Rozanne','Crus','1979-01-01','6172101334','rcrus33@drupal.org',228,'04 Burning Wood Junction','Karangboyo',325897,NULL,'Indonesia',4164,'Prime'),('CUST113','CART113','Rozalin','LeEstut','1954-04-10','4795096059','rleestut34@google.com',240,'5 Evergreen Way','Futtsu',468070,NULL,'Japan',3349,'Elite'),('CUST114','CART114','Erin','Lewsy','1986-02-08','5381059868','elewsy35@sfgate.com',217,'4 Karstens Circle','Lupon',585306,NULL,'Philippines',4031,'Prime'),('CUST115','CART115','Nettie','Scrimshire','1972-06-01','8971036655','nscrimshire36@cdbaby.com',30,'855 Clarendon Plaza','Palma Gil',360321,NULL,'Philippines',3733,'Elite'),('CUST116','CART116','Sergio','Bredes','1989-06-02','8947529719','sbredes37@vimeo.com',194,'12931 Pennsylvania Junction','Nanjing',593393,NULL,'China',4855,'Prime'),('CUST117','CART117','Marcellina','Iwanicki','1994-01-23','4573564102','miwanicki38@networkadvertising.org',55,'59 Westend Drive','Jakusko',341165,NULL,'Nigeria',1348,'Prime'),('CUST118','CART118','Johny','Shaudfurth','1992-07-01','4579998994','jshaudfurth39@epa.gov',110,'808 Tennyson Junction','Haoshui',331274,NULL,'China',2541,'Prime'),('CUST119','CART119','Gleda','Duggan','1973-11-08','1723080208','gduggan3a@addtoany.com',110,'06527 Maple Crossing','Smilavichy',280330,NULL,'Belarus',3856,'Elite'),('CUST120','CART120','Palm','Paskin','1981-09-11','3675973950','ppaskin3b@techcrunch.com',183,'05 Coolidge Court','Tunggaoen Timur',331124,NULL,'Indonesia',1991,'Elite'),('CUST121','CART121','Queenie','Noraway','1990-07-10','7405573778','qnoraway3c@hhs.gov',148,'403 Village Terrace','Roma',522318,'Lazio','Italy',1744,'Elite'),('CUST122','CART122','Betta','McConnal','1960-07-27','5561038660','bmcconnal3d@usgs.gov',209,'5340 Summit Lane','Burujul',426789,NULL,'Indonesia',4268,'Prime'),('CUST123','CART123','Washington','Vasilyev','2000-09-03','1666551850','wvasilyev3e@joomla.org',146,'3958 Springs Avenue','Guanshan',467721,NULL,'China',4606,'Prime'),('CUST124','CART124','Patten','Aucourte','1992-04-25','9673671336','paucourte3f@businesswire.com',141,'8 Barnett Circle','Kalajoki',278949,NULL,'Finland',NULL,'Elite'),('CUST125','CART125','Nikolaus','Dobrowolski','1966-08-06','1682355001','ndobrowolski3g@odnoklassniki.ru',222,'1647 Golf Junction','Sondo',402848,NULL,'Indonesia',1466,'Prime'),('CUST126','CART126','Claiborn','Scullard','1986-08-15','5549750712','cscullard3h@com.com',218,'1 Reinke Way','Mulyadadi',531777,NULL,'Indonesia',1681,'Prime'),('CUST127','CART127','Coleman','Pluthero','1958-05-22','1023086787','cpluthero3i@goo.gl',166,'7 Hermina Trail','Zhongdong',212161,NULL,'China',108,'Elite'),('CUST128','CART128','Vina','MacKnocker','1976-06-10','2075504215','vmacknocker3j@princeton.edu',185,'5 Cardinal Pass','Anmore',463469,'British Columbia','Canada',205,'Normal'),('CUST129','CART129','Kirsti','Steuart','1976-12-11','8834896588','ksteuart3k@hexun.com',209,'9415 Merry Crossing','Minle',568735,NULL,'China',1531,'Prime'),('CUST130','CART130','Roxana','Forward','1998-01-27','5319027815','rforward3l@ezinearticles.com',191,'6833 Fairfield Road','nh Lp',123632,NULL,'Vietnam',378,'Normal'),('CUST131','CART131','Mair','Catcheside','1970-04-12','9082541316','mcatcheside3m@bravesites.com',280,'5 Riverside Avenue','Haumeni',236897,NULL,'Indonesia',4911,'Elite'),('CUST132','CART132','Leila','Ratazzi','1987-02-15','2534565497','lratazzi3n@loc.gov',166,'2 Merchant Crossing','Jaromice',379867,NULL,'Czech Republic',1447,'Prime'),('CUST133','CART133','Glori','Hunte','1989-01-29','2303502990','ghunte3o@wsj.com',282,'6488 High Crossing Lane','Bucu Lor',558945,NULL,'Indonesia',4223,'Prime'),('CUST134','CART134','Izaak','Beazer','1953-06-22','5116820507','ibeazer3p@gmpg.org',3,'8 Moose Crossing','Cut-cut Primero',481292,NULL,'Philippines',4743,'Elite'),('CUST135','CART135','Lalo','McGowing','1968-02-06','4788212631','lmcgowing3q@theatlantic.com',240,'44593 Emmet Court','Hng Nguyn',420829,NULL,'Vietnam',2029,'Prime'),('CUST136','CART136','Koo','Fulep','1986-03-09','6479197545','kfulep3r@earthlink.net',249,'839 Buhler Point','Gigant',350501,NULL,'Russia',NULL,'Elite'),('CUST137','CART137','Richmound','Allabarton','1983-07-22','7637608917','rallabarton3s@cbslocal.com',213,'168 Eastwood Place','Sidomekar',250520,NULL,'Indonesia',2420,'Prime'),('CUST138','CART138','Waly','McAulay','1974-10-16','3549463991','wmcaulay3t@wikipedia.org',29,'65747 Carberry Way','Buni Yadi',174108,NULL,'Nigeria',3796,'Normal'),('CUST139','CART139','Cookie','Melland','2009-10-06','5626446370','cmelland3u@trellian.com',98,'2 1st Junction','Baoji',202450,NULL,'China',178,'Prime'),('CUST140','CART140','Janeta','Twinbourne','1983-10-28','9379367189','jtwinbourne3v@ucsd.edu',39,'0843 Miller Trail','Narimanov',422108,NULL,'Russia',3630,'Elite'),('CUST141','CART141','Alicea','Nasi','1966-12-18','1251609712','anasi3w@yelp.com',140,'5054 Burrows Junction','Hacqabul',240001,NULL,'Azerbaijan',4747,'Normal'),('CUST142','CART142','Vladamir','Husk','1975-02-22','5711035234','vhusk3x@businesswire.com',239,'427 Melby Alley','Dongjie',588353,NULL,'China',3348,'Elite'),('CUST143','CART143','Auberta','Sigg','1980-11-07',NULL,'asigg3y@tripod.com',195,'3935 Ilene Circle','Port Barton',516771,NULL,'Philippines',737,'Prime'),('CUST144','CART144','Naomi','Genney','1967-03-12','6831405866','ngenney3z@rediff.com',115,'19322 Roth Place','Norrkping',162405,'stergtland','Sweden',1459,'Prime'),('CUST145','CART145','Reyna','Pickvance','1987-10-01','4962407340','rpickvance40@so-net.ne.jp',272,'186 Sutteridge Crossing','Ginatilan',441582,NULL,'Philippines',929,'Normal'),('CUST146','CART146','Elga','Richmont','1975-08-28','3847761542','erichmont41@seattletimes.com',246,'91821 Cody Point','Pontevedra',493478,'Galicia','Spain',3694,'Elite'),('CUST147','CART147','Marieann','Remon','1971-12-05','8503653767','mremon42@google.es',31,'9 Westport Street','Pensacola',310632,'Florida','United States',585,'Normal'),('CUST148','CART148','Barbara-anne','Blaksland','1970-10-28','8493030838','bblaksland43@pcworld.com',166,'9 Arizona Park','Wachira Barami',210256,NULL,'Thailand',597,'Normal'),('CUST149','CART149','Fraze','Probyn','2006-12-26','2477252668','fprobyn44@nsw.gov.au',122,'93486 Springview Center','Rybinsk',482784,NULL,'Russia',4333,'Prime'),('CUST150','CART150','Jedediah','Oakman','1985-01-10','5683255765','joakman45@ucoz.com',84,'63 Nancy Pass','Senhor da Serra',579500,'Coimbra','Portugal',66,'Normal'),('CUST151','CART151','Tatum','Sprey','2006-06-26','6738088567','tsprey46@amazon.co.jp',258,'11 Melody Junction','Cerme Kidul',465789,NULL,'Indonesia',390,'Normal'),('CUST152','CART152','Giffard','Chesser','2007-11-02','4397487496','gchesser47@mysql.com',114,'8970 Hauk Plaza','Obispos',163125,NULL,'Venezuela',3249,'Normal'),('CUST153','CART153','Dynah','Ollerton','1997-06-14','3906185990','dollerton48@typepad.com',19,'8243 Esker Road','Lingdi',211194,NULL,'China',1177,'Elite'),('CUST154','CART154','Ulysses','Rickasse','1979-04-29','4066620654','urickasse49@huffingtonpost.com',107,'64 Westerfield Hill','La Paz',474102,NULL,'Colombia',1133,'Prime'),('CUST155','CART155','Noreen','Brister','1978-12-18','3585699171','nbrister4a@delicious.com',32,'44 Buhler Place','Masebewa',531714,NULL,'Indonesia',729,'Elite'),('CUST156','CART156','Neddy','Derry','1981-12-12','4062627431','nderry4b@booking.com',173,'71 Schmedeman Parkway','Tys',459482,NULL,'Finland',NULL,'Prime'),('CUST157','CART157','Pat','Tavinor','1982-10-31','7449841742','ptavinor4c@cnn.com',126,'28023 Westend Hill','Liujia',426757,NULL,'China',4160,'Elite'),('CUST158','CART158','Mufi','Loiterton','2002-07-27','7335621169','mloiterton4d@who.int',202,'8237 Sutteridge Park','Anlu',414058,NULL,'China',741,'Elite'),('CUST159','CART159','Hilarius','Crilly','1953-04-15',NULL,'hcrilly4e@dailymail.co.uk',206,'9765 Russell Place','Psygansu',320114,NULL,'Russia',3209,'Normal'),('CUST160','CART160','Broderick','Toal','1963-04-11','8396842304','btoal4f@clickbank.net',243,'729 Kensington Crossing','Zaporizhzhya',144961,NULL,'Ukraine',1531,'Normal'),('CUST161','CART161','Glen','Blunkett','2004-04-30','6626641467','gblunkett4g@alibaba.com',232,'78 Ruskin Crossing','Meijiang',140622,NULL,'China',2747,'Normal'),('CUST162','CART162','Tricia','Mews','1958-09-06','6754739713','tmews4h@businessinsider.com',115,'16195 Hanover Pass','Ashiya',495179,NULL,'Japan',NULL,'Prime'),('CUST163','CART163','Marcus','John','1967-06-28','9573068499','mjohn4i@mapy.cz',93,'2 Del Mar Lane','Ampahana',502820,NULL,'Madagascar',453,'Prime'),('CUST164','CART164','Benedetto','Tildesley','1979-07-20','5076731988','btildesley4j@zimbio.com',168,'8 Hanover Avenue','Ptghunk',274842,NULL,'Armenia',1772,'Elite'),('CUST165','CART165','Evaleen','Gunthorp','1965-06-10','3585846108','egunthorp4k@time.com',185,'81322 Everett Drive','Tanjung Timur',186567,NULL,'Indonesia',2666,'Normal'),('CUST166','CART166','Woody','Yeates','1950-11-22','3316814074','wyeates4l@ftc.gov',9,'131 Almo Terrace','Chapadinha',547778,NULL,'Brazil',4566,'Normal'),('CUST167','CART167','Marna','Maughan','1950-12-19','4363103238','mmaughan4m@dailymotion.com',25,'3623 Glendale Junction','Medellin',489676,NULL,'Philippines',3599,'Prime'),('CUST168','CART168','Dmitri','Battaille','1982-01-28','5814236404','dbattaille4n@aol.com',122,'78 Pankratz Road','San Antonio Aguas Calientes',396664,NULL,'Guatemala',NULL,'Prime'),('CUST169','CART169','Fifi','Lawrey','1986-06-27','9923049341','flawrey4o@usgs.gov',242,'8069 Canary Drive','Flrina',253616,NULL,'Greece',745,'Elite'),('CUST170','CART170','Travers','Longhi','1967-01-05','1266237813','tlonghi4p@pen.io',239,'5265 Memorial Way','Bobon',345160,NULL,'Philippines',3395,'Normal'),('CUST171','CART171','Emlyn','Thunderchief','1983-07-21','2786863311','ethunderchief4q@oakley.com',88,'654 Spohn Circle','Krasnokamensk',354929,NULL,'Russia',4613,'Normal'),('CUST172','CART172','Jordan','Saltman','1995-08-14','8381167029','jsaltman4r@mac.com',27,'17868 Arizona Point','Nezvstice',141777,NULL,'Czech Republic',3498,'Prime'),('CUST173','CART173','Meg','Gailor','1956-04-05','8162088386','mgailor4s@networkadvertising.org',236,'59 Basil Parkway','Yanghong',432779,NULL,'China',4755,'Elite'),('CUST174','CART174','Noel','Jowers','1960-05-30',NULL,'njowers4t@mtv.com',203,'0869 Goodland Drive','Banjar Delodrurung',427361,NULL,'Indonesia',NULL,'Prime'),('CUST175','CART175','Allix','Ulster','1989-01-17','8004711137','aulster4u@bbb.org',104,'93 Mitchell Street','Zvenigorod',271702,NULL,'Russia',1922,'Elite'),('CUST176','CART176','Carmelina','Geleman','1994-11-03','6524895279','cgeleman4v@census.gov',136,'4166 Crest Line Terrace','Kihancha',514213,NULL,'Kenya',4518,'Prime'),('CUST177','CART177','Deina','Burton','1979-09-07','7826322912','dburton4w@mac.com',100,'1 Independence Terrace','Borogontsy',577568,NULL,'Russia',3189,'Elite'),('CUST178','CART178','Maurits','Drewell','1965-11-26','3864654731','mdrewell4x@biglobe.ne.jp',209,'36 Texas Point','Oulad Frej',246158,NULL,'Morocco',3986,'Normal'),('CUST179','CART179','Ardyce','Puttrell','1972-01-01','2824276793','aputtrell4y@telegraph.co.uk',25,'2 Evergreen Drive','Nar\'yan-Mar',598257,NULL,'Russia',65,'Prime'),('CUST180','CART180','Ron','Males','1954-04-10','7132663126','rmales4z@usgs.gov',237,'934 Independence Center','Wete',515814,NULL,'Tanzania',2766,'Elite'),('CUST181','CART181','Marlie','Falks','2008-07-25','6166777157','mfalks50@163.com',283,'5412 Cottonwood Crossing','Motala',436358,'stergtland','Sweden',3130,'Normal'),('CUST182','CART182','Robby','Denver','1987-09-26','7839600153','rdenver51@tinyurl.com',157,'99395 Arrowood Park','Figueiredo',281850,'Braga','Portugal',3918,'Elite'),('CUST183','CART183','Christyna','Elloway','1953-09-11','1279537450','celloway52@timesonline.co.uk',103,'9776 Lawn Way','Kuala Lumpur',336948,'Kuala Lumpur','Malaysia',1826,'Normal'),('CUST184','CART184','Osmund','Sannes','1987-07-29','3103724614','osannes53@artisteer.com',272,'97680 Rusk Hill','Fresno',469010,'California','United States',1896,'Normal'),('CUST185','CART185','Marshall','Lansdale','1957-06-18','3431347104','mlansdale54@opera.com',19,'85836 Talisman Parkway','Itiruu',539551,NULL,'Brazil',1330,'Normal'),('CUST186','CART186','Dyann','Mamwell','2007-04-19','7124279104','dmamwell55@spotify.com',220,'53 Russell Way','Klymnos',332835,NULL,'Greece',102,'Prime'),('CUST187','CART187','Karney','Rathe','1987-02-18','2999900519','krathe56@creativecommons.org',3,'28 Express Circle','Caihua',384834,NULL,'China',3222,'Normal'),('CUST188','CART188','Cathyleen','Christophers','1990-03-26','8935579552','cchristophers57@rambler.ru',81,'4 Cardinal Circle','Ciechanw',252154,NULL,'Poland',4276,'Normal'),('CUST189','CART189','Vinson','Carnegy','1973-04-26','5874602960','vcarnegy58@purevolume.com',85,'03588 Bayside Alley','Malakhovka',250991,NULL,'Russia',2675,'Normal'),('CUST190','CART190','Grange','Conring','1992-05-20','8527335342','gconring59@e-recht24.de',57,'150 Westridge Drive','Maan',230721,NULL,'China',985,'Normal'),('CUST191','CART191','Parker','Tilston','1968-02-19','2533512628','ptilston5a@harvard.edu',24,'52696 Eliot Road','Th Trn Mng Lt',435967,NULL,'Vietnam',1974,'Normal'),('CUST192','CART192','Bili','Tilzey','1962-07-13','7279830879','btilzey5b@irs.gov',146,'545 6th Road','Saint Petersburg',182280,'Florida','United States',2128,'Prime'),('CUST193','CART193','Kacie','Snyder','1969-03-13','8494646250','ksnyder5c@icio.us',65,'83 Commercial Point','Lingkou',335160,NULL,'China',1770,'Elite'),('CUST194','CART194','Eb','Geertsen','1957-07-20','7168917315','egeertsen5d@creativecommons.org',128,'848 Anniversary Park','Dulolong',365051,NULL,'Indonesia',4264,'Prime'),('CUST195','CART195','Idelle','Caldicot','1969-04-19','1385442203','icaldicot5e@nymag.com',238,'5 International Lane','Gaomi',585359,NULL,'China',4112,'Normal'),('CUST196','CART196','Maude','Wrightson','1954-06-15','9985888663','mwrightson5f@cpanel.net',196,'2 Butternut Plaza','Karanganyarkrajan',270899,NULL,'Indonesia',2885,'Prime'),('CUST197','CART197','Lora','Ramsby','1954-10-19','7128882196','lramsby5g@123-reg.co.uk',152,'0 Waubesa Street','Gaozhuang',535662,NULL,'China',4110,'Normal'),('CUST198','CART198','Shane','Cockaday','1981-09-15','2621777016','scockaday5h@latimes.com',155,'08128 Rieder Drive','alkh',474040,NULL,'Egypt',2272,'Normal'),('CUST199','CART199','Elsie','Reynolds','1963-05-27','7609132155','ereynolds5i@taobao.com',64,'7372 Petterle Lane','Angoram',258827,NULL,'Papua New Guinea',3483,'Normal'),('CUST200','CART200','Emelda','Wycherley','1975-08-26','1083873002','ewycherley5j@cdbaby.com',55,'06308 Fordem Trail','Terentang',482922,NULL,'Indonesia',NULL,'Prime'),('CUST201','CART201','Trisha','Frissell','2000-09-28','8899575958','tfrissell5k@hatena.ne.jp',142,'455 Colorado Way','Shitang',469305,NULL,'China',NULL,'Prime'),('CUST202','CART202','Janette','Luckman','1958-01-12',NULL,'jluckman5l@bigcartel.com',145,'6 Longview Point','Cipatat',311284,NULL,'Indonesia',319,'Normal'),('CUST203','CART203','Harper','Phillput','1966-04-03','2808239333','hphillput5m@fastcompany.com',91,'6 Rutledge Court','Baha Blanca',594053,NULL,'Argentina',NULL,'Elite'),('CUST204','CART204','Fern','Ruperto','1964-05-16','8085471878','fruperto5n@instagram.com',149,'9544 Steensland Street','Bang Saphan',523977,NULL,'Thailand',4966,'Elite'),('CUST205','CART205','Allard','Edmands','1978-09-05','6125082967','aedmands5o@prweb.com',98,'100 Kenwood Street','Polloc',560017,NULL,'Philippines',4746,'Prime'),('CUST206','CART206','Sybila','Ivell','1984-09-26','4821227885','sivell5p@mediafire.com',269,'9 Lien Avenue','Hongor',400400,NULL,'Mongolia',92,'Prime'),('CUST207','CART207','Tiffani','Ferneley','1987-01-02','1363584642','tferneley5q@cdc.gov',242,'062 Artisan Parkway','Lbano',233063,NULL,'Colombia',2024,'Prime'),('CUST208','CART208','Zenia','Gerner','1959-05-09','1467180959','zgerner5r@wufoo.com',87,'6713 Stuart Street','Rjec-Jesteb',270181,NULL,'Czech Republic',4901,'Elite'),('CUST209','CART209','El','Allsobrook','1972-12-14','5524752774','eallsobrook5s@npr.org',92,'52431 Esker Crossing','Budapest',377437,'Budapest','Hungary',954,'Elite'),('CUST210','CART210','Robinson','Chetham','1952-04-25','1252762891','rchetham5t@bigcartel.com',188,'75 Cordelia Park','Atyrau',111079,NULL,'Kazakhstan',3244,'Elite'),('CUST211','CART211','Nettle','Pattenden','1967-11-28','3031189443','npattenden5u@statcounter.com',46,'678 Kedzie Junction','Kerasochri',290674,NULL,'Greece',NULL,'Elite'),('CUST212','CART212','Lorenza','Gecke','1973-08-07','8979013867','lgecke5v@wsj.com',234,'30 Summerview Junction','Liljendal',305418,NULL,'Finland',4376,'Normal'),('CUST213','CART213','Bevon','Egdell','1993-03-11','8115707601','begdell5w@biblegateway.com',231,'53 Algoma Street','Llorente',166780,NULL,'Philippines',4425,'Elite'),('CUST214','CART214','Quint','McGiffie','1954-10-30','3618147555','qmcgiffie5x@forbes.com',225,'972 Ohio Way','Mozhga',341085,NULL,'Russia',192,'Elite'),('CUST215','CART215','Demetria','Downie','1956-02-24','1714076970','ddownie5y@furl.net',78,'79 Bowman Avenue','Jiangzhou',372455,NULL,'China',2299,'Prime'),('CUST216','CART216','Nadean','Iannuzzi','1973-03-26','9142204289','niannuzzi5z@washingtonpost.com',225,'4 Hanover Lane','Malax',415888,NULL,'Finland',2088,'Prime'),('CUST217','CART217','Hilary','Plaskett','1956-12-16','7792676154','hplaskett60@blinklist.com',94,'8716 Doe Crossing Junction','Winong',456690,NULL,'Indonesia',915,'Elite'),('CUST218','CART218','Daphene','Fitzsymonds','1953-11-16','4848784427','dfitzsymonds61@myspace.com',199,'4 Cambridge Court','Calde',185902,'Viseu','Portugal',269,'Prime'),('CUST219','CART219','Ginger','Quinnelly','1959-02-02','3331480737','gquinnelly62@princeton.edu',73,'6015 Helena Circle','Yiwa',116411,NULL,'China',1279,'Normal'),('CUST220','CART220','Jacqui','Pyke','1973-05-03','2358801889','jpyke63@smh.com.au',11,'13 Garrison Circle','Santana',533909,'Setbal','Portugal',NULL,'Prime'),('CUST221','CART221','Randy','Scahill','2001-04-13','9665428140','rscahill64@telegraph.co.uk',161,'592 Lyons Parkway','North Bay',213362,'Ontario','Canada',3256,'Elite'),('CUST222','CART222','Margeaux','Marunchak','1999-07-10','5847261841','mmarunchak65@sfgate.com',290,'009 Parkside Park','Otorohanga',128498,NULL,'New Zealand',3818,'Elite'),('CUST223','CART223','Westbrook','Shackelton','1972-02-08','9365256998','wshackelton66@sphinn.com',234,'0 2nd Circle','Pamyat Parizhskoy Kommuny',120273,NULL,'Russia',2424,'Normal'),('CUST224','CART224','Brena','MacFarlan','1983-09-15','1553936498','bmacfarlan67@youku.com',222,'943 Delladonna Lane','Berlin',479379,'Berlin','Germany',1027,'Prime'),('CUST225','CART225','Ellery','Blackborow','1971-02-16','1817941469','eblackborow68@loc.gov',274,'031 Dwight Hill','Qingxi',359247,NULL,'China',NULL,'Prime'),('CUST226','CART226','Kevan','Kew','1998-05-19','8354404638','kkew69@nifty.com',193,'45843 Stoughton Point','Pokrovskoye',452565,NULL,'Russia',2214,'Normal'),('CUST227','CART227','Eve','Acklands','1980-12-30','6969047909','eacklands6a@eventbrite.com',98,'6 Manitowish Hill','Bokor',285839,NULL,'Indonesia',973,'Normal'),('CUST228','CART228','Caesar','Valett','1990-07-23','9654417662','cvalett6b@indiegogo.com',134,'6469 Linden Court','Gondanglegi Wetan',503874,NULL,'Indonesia',NULL,'Prime'),('CUST229','CART229','Vanna','Derisley','1975-01-22','2106905923','vderisley6c@google.com.br',96,'98 Bluejay Terrace','Thnh Ph Thi Bnh',410409,NULL,'Vietnam',3764,'Normal'),('CUST230','CART230','Deloris','Gidden','1989-07-03',NULL,'dgidden6d@flickr.com',200,'1157 Goodland Court','Liozon',455139,NULL,'Philippines',4368,'Normal'),('CUST231','CART231','Fredia','Barnsdale','2007-09-20','9824705839','fbarnsdale6e@ebay.com',214,'79770 Heath Pass','Jhingergcha',218442,NULL,'Bangladesh',1520,'Elite'),('CUST232','CART232','Lianne','Biddleston','2005-09-10','1772016292','lbiddleston6f@umn.edu',58,'78066 Dixon Plaza','New Kingston',238648,NULL,'Jamaica',3309,'Prime'),('CUST233','CART233','Zacharia','Scholling','1951-05-12','6351141026','zscholling6g@sun.com',74,'4930 Bay Circle','Cegw',149628,NULL,'Poland',4290,'Prime'),('CUST234','CART234','Elke','Elphinston','1971-03-13','1497482728','eelphinston6h@google.com.hk',110,'9 Roxbury Trail','Jamml',359078,NULL,'Tunisia',2000,'Elite'),('CUST235','CART235','Dugald','Conor','1953-04-06','7495776979','dconor6i@ft.com',68,'1 Pawling Pass','Tulaghi',348751,NULL,'Solomon Islands',3589,'Elite'),('CUST236','CART236','Yelena','Hartin','1967-02-27','8694914161','yhartin6j@census.gov',29,'6505 Dryden Street','Anzihao',568645,NULL,'China',3223,'Prime'),('CUST237','CART237','Amitie','Laing','1960-07-21','7302337574','alaing6k@facebook.com',163,'85636 Shelley Street','Primoten',399101,NULL,'Croatia',2304,'Prime'),('CUST238','CART238','Petronia','Dunkerton','1970-09-19',NULL,'pdunkerton6l@tripod.com',22,'526 John Wall Crossing','Ousso',153848,NULL,'Republic of the Congo',2576,'Prime'),('CUST239','CART239','Tony','Bramer','2003-07-21','1525322063','tbramer6m@bbb.org',233,'57229 Pennsylvania Way','Ouaoula',354707,NULL,'Morocco',4678,'Prime'),('CUST240','CART240','Der','Cuniffe','1955-12-02','9771537819','dcuniffe6n@ed.gov',127,'445 Continental Court','Palikir - National Government Center',245648,NULL,'Micronesia',823,'Prime'),('CUST241','CART241','Cross','Eckersley','1956-10-08','4187592354','ceckersley6o@disqus.com',209,'42 Farragut Lane','Biryulvo Zapadnoye',294542,NULL,'Russia',1698,'Elite'),('CUST242','CART242','Richie','Brabben','2008-04-30','1401044744','rbrabben6p@epa.gov',181,'86593 Muir Avenue','Gritsovskiy',222801,NULL,'Russia',78,'Prime'),('CUST243','CART243','Thaddeus','Pawelek','2006-08-25','3259984176','tpawelek6q@cmu.edu',155,'4 Magdeline Circle','Zayt Jammn',331958,NULL,'Palestinian Territory',636,'Prime'),('CUST244','CART244','Aurthur','Oattes','1986-04-18','9195997942','aoattes6r@baidu.com',54,'4026 Prentice Terrace','Karasuk',476393,NULL,'Russia',910,'Normal'),('CUST245','CART245','Hertha','Sant','1996-12-27','6726219987','hsant6s@sitemeter.com',107,'99171 Golf Center','Garmeh',355913,NULL,'Iran',3660,'Elite'),('CUST246','CART246','Darb','Cersey','1959-11-22','5817382072','dcersey6t@privacy.gov.au',198,'69 Evergreen Point','Bo',360135,'Aquitaine','France',293,'Elite'),('CUST247','CART247','Kamillah','Niemiec','2007-01-03','4013293845','kniemiec6u@rediff.com',282,'1176 Oriole Point','Jinshan',100041,NULL,'China',2300,'Normal'),('CUST248','CART248','Giacinta','Harrild','1967-07-21','2933152729','gharrild6v@ycombinator.com',138,'1 Mayfield Avenue','Ct B',383068,NULL,'Vietnam',4447,'Normal'),('CUST249','CART249','Thaddus','Alekseev','2007-12-14','4929372031','talekseev6w@shop-pro.jp',74,'32933 Ilene Circle','Zrich',311522,'Kanton Zrich','Switzerland',2741,'Normal'),('CUST250','CART250','Daphene','Tucknott','1963-04-17','6447215684','dtucknott6x@surveymonkey.com',177,'231 Mayfield Crossing','Veyno',326978,NULL,'Belarus',2573,'Normal'),('CUST251','CART251','Constance','Bough','1957-09-28','3009847980','cbough6y@japanpost.jp',179,'3 Sunnyside Avenue','miowo',356693,NULL,'Poland',3122,'Prime'),('CUST252','CART252','Elsworth','Paget','1990-02-24','7609322261','epaget6z@ihg.com',178,'56 Grim Hill','Strzelin',287021,NULL,'Poland',1490,'Elite'),('CUST253','CART253','Bonnie','Fussie','1990-07-28','6994605981','bfussie70@printfriendly.com',30,'99 Cody Pass','Baroh',420973,NULL,'Indonesia',2308,'Prime'),('CUST254','CART254','Reine','Lomis','1951-06-19',NULL,'rlomis71@squidoo.com',40,'5256 Dorton Pass','Nanfeng',476309,NULL,'China',2765,'Normal'),('CUST255','CART255','Antoni','Larret','2006-07-23','6222937314','alarret72@cocolog-nifty.com',271,'70547 Gulseth Court','San Juan',260097,NULL,'Argentina',4255,'Prime'),('CUST256','CART256','Gard','Demaine','1991-06-02','6208888582','gdemaine73@51.la',128,'4 Talmadge Crossing','Nangakeo',393488,NULL,'Indonesia',3847,'Prime'),('CUST257','CART257','Sydelle','Amoore','1972-03-02','4492357653','samoore74@skyrock.com',37,'116 Hanson Trail','Quillabamba',357213,NULL,'Peru',3797,'Elite'),('CUST258','CART258','Renard','Skeel','1964-10-21','3393553986','rskeel75@washington.edu',271,'82 Oriole Park','Aiximan',150674,NULL,'China',4368,'Elite'),('CUST259','CART259','Carr','Shakeshaft','1995-04-03','8324214248','cshakeshaft76@virginia.edu',116,'1 Westport Street','Tartu',498947,NULL,'Estonia',49,'Normal'),('CUST260','CART260','Ashia','Hackney','1996-10-18','6168393008','ahackney77@japanpost.jp',89,'183 Anderson Court','Cikubang',153929,NULL,'Indonesia',NULL,'Elite'),('CUST261','CART261','Dionne','Oxlee','1952-11-07','2443396288','doxlee78@nytimes.com',121,'1634 Ridgeway Avenue','Moncada',453210,NULL,'Philippines',2170,'Normal'),('CUST262','CART262','Nancy','Shelford','1956-06-21','1535916449','nshelford79@parallels.com',14,'835 Porter Court','Chornoliztsi',320276,NULL,'Ukraine',NULL,'Elite'),('CUST263','CART263','Melly','Seed','1968-01-24','5833818009','mseed7a@sbwire.com',135,'0700 Briar Crest Hill','Al Khirb',197660,NULL,'Yemen',1630,'Elite'),('CUST264','CART264','Bobby','Piggin','1950-08-19','8702126962','bpiggin7b@tamu.edu',179,'871 Clyde Gallagher Place','Qingyun',301208,NULL,'China',2970,'Normal'),('CUST265','CART265','Noble','Yarn','1988-06-16','8063592674','nyarn7c@yandex.ru',129,'8 Center Parkway','Longanqiao',298704,NULL,'China',2584,'Prime'),('CUST266','CART266','Aldon','Heffernon','1981-03-10','8327057975','aheffernon7d@skype.com',29,'565 Oak Avenue','Tsuen Wan',180472,NULL,'Hong Kong',3627,'Normal'),('CUST267','CART267','Hilly','Simenot','2006-04-14','9209429914','hsimenot7e@ca.gov',42,'908 Delaware Crossing','Lazaro Cardenas',572822,'Veracruz Llave','Mexico',4507,'Prime'),('CUST268','CART268','Juliette','Leyre','1958-03-10','7883219109','jleyre7f@nyu.edu',24,'82 Upham Park','Triolet',240054,NULL,'Mauritius',4342,'Prime'),('CUST269','CART269','Lesya','Alabaster','1990-01-05','8854936087','lalabaster7g@rambler.ru',184,'714 Springs Street','Nrnberg',491191,'Bayern','Germany',NULL,'Elite'),('CUST270','CART270','Licha','Drivers','1980-06-27','6165375163','ldrivers7h@ehow.com',191,'481 Pond Avenue','Itaituba',461298,NULL,'Brazil',3659,'Prime'),('CUST271','CART271','Dode','Fuzzey','1987-10-16','3821920948','dfuzzey7i@wp.com',53,'993 Charing Cross Court','Quint',265616,'Aveiro','Portugal',1931,'Prime'),('CUST272','CART272','Dewain','Parkhouse','2005-10-26','7677241605','dparkhouse7j@sogou.com',11,'232 Muir Crossing','Melita',443343,'Manitoba','Canada',2756,'Normal'),('CUST273','CART273','Adda','Wormald','1996-04-25','1449323739','awormald7k@mapquest.com',100,'05941 Duke Point','Cennan',358056,NULL,'China',4984,'Prime'),('CUST274','CART274','Charlotte','Middleditch','1974-02-10','6428549421','cmiddleditch7l@cocolog-nifty.com',116,'458 Village Green Crossing','Aix-les-Bains',221976,'Rhne-Alpes','France',4258,'Prime'),('CUST275','CART275','Nari','Pick','2003-06-18','6053815687','npick7m@va.gov',57,'0819 Jenifer Junction','Shicang',149907,NULL,'China',3512,'Normal'),('CUST276','CART276','Barnaby','Krystek','1984-03-27','2248784664','bkrystek7n@ihg.com',148,'99 Laurel Crossing','Phak Hai',291367,NULL,'Thailand',48,'Elite'),('CUST277','CART277','Brod','Fasset','2004-10-27','3477859518','bfasset7o@accuweather.com',166,'1638 Merchant Park','Sierakowice',313612,NULL,'Poland',2543,'Normal'),('CUST278','CART278','Rubin','Mealand','1997-12-29','6661914745','rmealand7p@plala.or.jp',232,'7 Debs Way','Singaraja',228921,NULL,'Indonesia',3014,'Normal'),('CUST279','CART279','Clywd','Emilien','2009-05-30','8121847936','cemilien7q@bravesites.com',134,'57109 Warbler Alley','Sedlany',366188,NULL,'Czech Republic',1428,'Prime'),('CUST280','CART280','Helenelizabeth','Huglin','1964-05-20','1452452695','hhuglin7r@admin.ch',289,'06358 Northridge Place','Chengfeng',378600,NULL,'China',3877,'Prime'),('CUST281','CART281','Britney','Waterhowse','1981-10-09','8999293784','bwaterhowse7s@tinyurl.com',15,'67521 Rigney Alley','Chnov',400002,NULL,'Czech Republic',4654,'Prime'),('CUST282','CART282','Electra','Romke','1966-12-21',NULL,'eromke7t@flavors.me',59,'0793 Londonderry Way','Seydi',307738,NULL,'Turkmenistan',157,'Elite'),('CUST283','CART283','Linell','Girardi','1994-05-21','1232738863','lgirardi7u@ezinearticles.com',107,'9 Jay Center','Quba',450123,NULL,'Azerbaijan',4916,'Elite'),('CUST284','CART284','Regine','Spriggin','1959-10-13','8252066138','rspriggin7v@usa.gov',26,'86 Maywood Crossing','Przelewice',560902,NULL,'Poland',NULL,'Normal'),('CUST285','CART285','Binnie','Northedge','1980-04-19','4524661556','bnorthedge7w@w3.org',226,'52078 Morning Circle','Verkhniy Rohachyk',578355,NULL,'Ukraine',NULL,'Elite'),('CUST286','CART286','Talya','Coe','1972-04-26','7301757855','tcoe7x@lycos.com',241,'73 Ridgeway Circle','Noebesa',509600,NULL,'Indonesia',2010,'Elite'),('CUST287','CART287','Teddie','Garfath','1967-07-29',NULL,'tgarfath7y@marketwatch.com',151,'285 Arrowood Hill','Astromil',117965,'Porto','Portugal',1049,'Prime'),('CUST288','CART288','Lawry','Aldis','2000-10-19','2028783058','laldis7z@infoseek.co.jp',150,'7615 Westend Court','Cabo de Vila',179634,'Porto','Portugal',4893,'Normal'),('CUST289','CART289','Hillel','Minney','1995-05-31','1904799342','hminney80@earthlink.net',130,'39571 Towne Point','Lennsky',496715,NULL,'Kazakhstan',1397,'Prime'),('CUST290','CART290','Latrina','Humburton','2002-09-14','8221633944','lhumburton81@home.pl',79,'44 Meadow Vale Crossing','Heerlen',393257,'Provincie Limburg','Netherlands',963,'Elite'),('CUST291','CART291','Lelah','Stribbling','1950-09-04','9804018486','lstribbling82@acquirethisname.com',6,'916 Drewry Avenue','Kbenhavn',392248,'Region Hovedstaden','Denmark',4350,'Prime'),('CUST292','CART292','Dougy','Joynes','1961-02-02','6722515157','djoynes83@sitemeter.com',21,'184 Northview Center','widwin',400882,NULL,'Poland',504,'Prime'),('CUST293','CART293','Laurella','Matteuzzi','1952-08-31','9653159498','lmatteuzzi84@sohu.com',6,'969 Messerschmidt Hill','no Kmi',296814,NULL,'Greece',1835,'Prime'),('CUST294','CART294','Filippo','Piller','1969-11-19','9213297908','fpiller85@360.cn',20,'463 Mcguire Way','Tabant',504546,NULL,'Morocco',3605,'Normal'),('CUST295','CART295','Remington','Mumm','1951-04-02','5461619880','rmumm86@spotify.com',206,'8 New Castle Center','Huangling',351388,NULL,'China',110,'Elite'),('CUST296','CART296','Melody','Sprott','1990-12-04','6624880547','msprott87@wsj.com',39,'4766 Kropf Terrace','Huajlaya',299955,NULL,'Bolivia',2624,'Normal'),('CUST297','CART297','Suzi','Radbourne','1978-02-17','6032288436','sradbourne88@answers.com',38,'91 Clyde Gallagher Park','Dr al Qar',134696,NULL,'Palestinian Territory',1289,'Elite'),('CUST298','CART298','Lazaro','Kenrat','1958-09-13','1139971445','lkenrat89@moonfruit.com',209,'9 Rieder Circle','Dhahi',381927,NULL,'Yemen',1620,'Elite'),('CUST299','CART299','Odelinda','Wormell','1974-02-20','9735872488','owormell8a@msu.edu',56,'9363 Kennedy Drive','Kende',249447,NULL,'Nigeria',2639,'Normal'),('CUST300','CART300','Tim','Linning','1957-02-26','5901459343','tlinning8b@miibeian.gov.cn',203,'5876 Lunder Drive','Duraznopampa',597650,NULL,'Peru',4500,'Prime'),('CUST301','CART301','Adorne','Tomsen','1975-04-11','2804945757','atomsen8c@bravesites.com',234,'4962 Maywood Center','Bun Barat',428218,NULL,'Indonesia',3621,'Elite'),('CUST302','CART302','Oliviero','Chattington','1969-11-13','1685762539','ochattington8d@alexa.com',274,'1809 Butternut Road','Las Carreras',206069,NULL,'Bolivia',1533,'Prime'),('CUST303','CART303','Dasha','St Angel','2005-10-15','9276513430','dstangel8e@umn.edu',155,'3028 Prairie Rose Lane','Portel',186222,NULL,'Brazil',3280,'Prime'),('CUST304','CART304','Josiah','Shurmer','2008-04-11','7372978828','jshurmer8f@amazon.co.uk',208,'4 Heath Parkway','Yuryevets',124916,NULL,'Russia',2995,'Normal'),('CUST305','CART305','Rex','Mullender','1968-02-07','2172402076','rmullender8g@slate.com',269,'38 Arkansas Center','Xinquansi',186226,NULL,'China',363,'Prime'),('CUST306','CART306','Travus','Vickars','1996-10-10',NULL,'tvickars8h@cdbaby.com',237,'850 Alpine Crossing','Sobral da Abelheira',139360,'Lisboa','Portugal',1762,'Normal'),('CUST307','CART307','Bartlet','Erickssen','1968-02-23','4668988497','berickssen8i@cbslocal.com',119,'2 Alpine Plaza','Pagak',192557,NULL,'Indonesia',2869,'Normal'),('CUST308','CART308','Janka','Novotni','1994-02-19','8233270413','jnovotni8j@marketwatch.com',235,'499 Myrtle Place','Qindu',415517,NULL,'China',478,'Prime'),('CUST309','CART309','Valerie','Roxburgh','1958-09-11','2062090648','vroxburgh8k@slideshare.net',9,'47347 Steensland Parkway','Jablonec nad Jizerou',517217,NULL,'Czech Republic',574,'Elite'),('CUST310','CART310','Sheridan','MacNab','1974-11-30','7035956710','smacnab8l@ehow.com',118,'0 Milwaukee Drive','Ribeiro',304087,'Viseu','Portugal',345,'Elite'),('CUST311','CART311','Misty','Retallack','1968-03-12','1202018447','mretallack8m@wikispaces.com',33,'36093 Eagle Crest Crossing','Liangnong',144719,NULL,'China',1992,'Prime'),('CUST312','CART312','Stephie','Oakman','1999-08-11','8845957689','soakman8n@oracle.com',56,'735 Di Loreto Place','Cabcaben',111247,NULL,'Philippines',827,'Normal'),('CUST313','CART313','Dalenna','M\'Chirrie','1987-09-18','7812614800','dmchirrie8o@xing.com',248,'30 Riverside Court','Stockholm',597895,'Stockholm','Sweden',4858,'Normal'),('CUST314','CART314','Suzie','Tittershill','1951-02-16','8602097707','stittershill8p@twitter.com',212,'0 Memorial Place','Taojiahe',577192,NULL,'China',2396,'Prime'),('CUST315','CART315','Nalani','Beere','1951-01-30','4027484506','nbeere8q@harvard.edu',226,'198 Derek Court','Ulme',211718,'Santarm','Portugal',NULL,'Normal'),('CUST316','CART316','Burton','Crosoer','1983-05-28','7112962144','bcrosoer8r@lulu.com',119,'89 Dayton Drive','Tuxi',223370,NULL,'China',4049,'Prime'),('CUST317','CART317','Carolan','Denecamp','2007-08-27','7916741243','cdenecamp8s@stanford.edu',6,'7898 Weeping Birch Street','Nor Yerznka',421266,NULL,'Armenia',279,'Prime'),('CUST318','CART318','Philbert','Rief','1972-10-28','8244072961','prief8t@blogspot.com',89,'2 Clove Hill','Longford',192293,NULL,'Ireland',433,'Normal'),('CUST319','CART319','Man','Sydry','1994-07-21','7964501699','msydry8u@prlog.org',136,'06610 Roxbury Trail','Omi',451656,NULL,'Croatia',NULL,'Normal'),('CUST320','CART320','Beauregard','Verryan','1977-04-16','8032218080','bverryan8v@php.net',228,'7 Old Shore Plaza','Jinping',596052,NULL,'China',1849,'Prime'),('CUST321','CART321','Clerissa','Wallage','1964-01-07','7989153608','cwallage8w@addtoany.com',9,'0598 Towne Place','Hlybokaye',353907,NULL,'Belarus',602,'Elite'),('CUST322','CART322','Pasquale','Dudmarsh','1994-09-22','1288123515','pdudmarsh8x@surveymonkey.com',293,'74108 Transport Way','Shwebo',583311,NULL,'Myanmar',148,'Normal'),('CUST323','CART323','Eduardo','Rossoni','1967-06-17','3524303254','erossoni8y@nydailynews.com',279,'292 Mendota Road','Rio Pardo',415483,NULL,'Brazil',3693,'Normal'),('CUST324','CART324','Dylan','Hyrons','1953-05-02',NULL,'dhyrons8z@europa.eu',106,'4 La Follette Point','Plumbon',322611,NULL,'Indonesia',4074,'Prime'),('CUST325','CART325','Preston','Hagwood','1950-04-27','8983613123','phagwood90@mail.ru',9,'39 Clove Street','Pandangan Kulon',153883,NULL,'Indonesia',1687,'Normal'),('CUST326','CART326','Yankee','Haselhurst','1957-10-26','6471142295','yhaselhurst91@ted.com',87,'5 Dovetail Way','Rio Novo do Sul',525860,NULL,'Brazil',2780,'Normal'),('CUST327','CART327','Raynell','Marion','2000-01-19','7527980170','rmarion92@cbslocal.com',225,'12 Spenser Street','Wujingfu',230320,NULL,'China',187,'Elite'),('CUST328','CART328','Paxon','Goodall','1976-02-09','6474029766','pgoodall93@spotify.com',233,'4301 Gulseth Avenue','Torzhok',159905,NULL,'Russia',1456,'Normal'),('CUST329','CART329','Lamond','Hallatt','2004-01-21','6469299569','lhallatt94@taobao.com',279,'742 Luster Drive','Kochani',516036,NULL,'Macedonia',631,'Normal'),('CUST330','CART330','Eldredge','McConnulty','1970-03-21','9967957036','emcconnulty95@sohu.com',250,'5 Claremont Hill','Sorol',274297,NULL,'Micronesia',NULL,'Prime'),('CUST331','CART331','Nessie','McCaskill','2002-09-30','5159294883','nmccaskill96@nasa.gov',209,'2906 Menomonie Way','Itaugu',522259,NULL,'Paraguay',780,'Normal'),('CUST332','CART332','Marcellus','Ready','1959-10-06','1948104731','mready97@nationalgeographic.com',29,'9 Tony Crossing','Henggang',475090,NULL,'China',4566,'Elite'),('CUST333','CART333','Cathyleen','Toulamain','1976-02-15','8141740365','ctoulamain98@berkeley.edu',134,'5479 Anniversary Park','Muk',304697,NULL,'Japan',3340,'Prime'),('CUST334','CART334','Jeremias','Colombier','1991-06-14','1057188920','jcolombier99@examiner.com',27,'21432 Pleasure Point','Centenary',116305,NULL,'Zimbabwe',3508,'Elite'),('CUST335','CART335','Paolo','Paddington','1993-05-06','4216241515','ppaddington9a@nature.com',195,'0966 Ruskin Park','Jingxin',424118,NULL,'China',621,'Normal'),('CUST336','CART336','Farrel','Halfacree','1983-06-24','3548035064','fhalfacree9b@cbslocal.com',160,'39212 Continental Way','Petrpolis',484662,NULL,'Brazil',1681,'Prime'),('CUST337','CART337','Angela','Coit','1952-10-14','4437489574','acoit9c@usnews.com',240,'585 Stuart Hill','Jedovec',310053,NULL,'Croatia',4145,'Prime'),('CUST338','CART338','Marie','Clemoes','2001-03-21','8461555693','mclemoes9d@goodreads.com',21,'5 Carioca Way','Nankou',144446,NULL,'China',2298,'Prime'),('CUST339','CART339','Quentin','Stokell','1957-03-12',NULL,'qstokell9e@usnews.com',55,'422 Havey Trail','Shazhenxi',118998,NULL,'China',NULL,'Prime'),('CUST340','CART340','Kippie','Lorenz','1986-06-02','3667054544','klorenz9f@pagesperso-orange.fr',12,'0 Algoma Park','Kali',543611,NULL,'Indonesia',1905,'Normal'),('CUST341','CART341','Griffin','Govan','1990-09-12','6436107571','ggovan9g@google.nl',262,'53 Novick Place','Takedamachi',170990,NULL,'Japan',2838,'Elite'),('CUST342','CART342','Minette','Featley','1961-12-24','8485185226','mfeatley9h@ucla.edu',123,'1610 Ronald Regan Park','Nogent-sur-Marne',135811,'le-de-France','France',1247,'Prime'),('CUST343','CART343','Leeanne','Dodgson','2007-12-14','2815046255','ldodgson9i@simplemachines.org',36,'11274 Declaration Plaza','Houston',100751,'Texas','United States',3304,'Elite'),('CUST344','CART344','Hana','Elflain','1988-08-01','4906645742','helflain9j@theglobeandmail.com',31,'5653 Dapin Way','Smithers',321602,'British Columbia','Canada',1015,'Prime'),('CUST345','CART345','Noe','Mowne','2001-10-23','4361630855','nmowne9k@samsung.com',267,'11440 Darwin Lane','Maiwang',211258,NULL,'China',3167,'Normal'),('CUST346','CART346','Anatole','Pengilley','1964-12-13','7675402472','apengilley9l@ted.com',55,'4 Hallows Park','Sanyantang',331232,NULL,'China',366,'Elite'),('CUST347','CART347','Martica','Culpen','1951-03-23','4474608970','mculpen9m@princeton.edu',8,'110 Sherman Drive','Au',479706,NULL,'Brazil',1442,'Normal'),('CUST348','CART348','Inglebert','McElhargy','1996-10-17','6578377040','imcelhargy9n@g.co',115,'9982 Lakewood Gardens Crossing','Kafr Zayt',488910,NULL,'Syria',557,'Prime'),('CUST349','CART349','Ardith','Halewood','1961-11-06','5095921283','ahalewood9o@thetimes.co.uk',186,'6 Kinsman Terrace','Lazaro Cardenas',119445,'Tamaulipas','Mexico',974,'Elite'),('CUST350','CART350','Wiley','Bagger','2006-04-22','5784789574','wbagger9p@dot.gov',255,'602 Dexter Parkway','Jiulongshan',456689,NULL,'China',975,'Elite'),('CUST351','CART351','Diena','Studman','1973-12-29','8475318890','dstudman9q@theatlantic.com',225,'994 Gulseth Crossing','Haligue',441013,NULL,'Philippines',NULL,'Elite'),('CUST352','CART352','Fabe','Perocci','1977-09-09','2989610180','fperocci9r@quantcast.com',216,'08 Victoria Crossing','Moshkovo',102140,NULL,'Russia',251,'Normal'),('CUST353','CART353','Ade','Gilleon','1959-08-28','5167722885','agilleon9s@ihg.com',113,'4034 Derek Plaza','Shikhany',344724,NULL,'Russia',2596,'Elite'),('CUST354','CART354','Jemima','Panketh','1981-06-29',NULL,'jpanketh9t@si.edu',24,'052 Becker Road','Pomerode',427742,NULL,'Brazil',239,'Normal'),('CUST355','CART355','Zack','Ickowics','2006-08-02','3873369109','zickowics9u@admin.ch',75,'52 Sunfield Circle','Star Bohumn',285820,NULL,'Czech Republic',NULL,'Prime'),('CUST356','CART356','Kimberli','Cleever','1994-06-15','2793034463','kcleever9v@csmonitor.com',112,'3 Prentice Crossing','Avranches',431780,'Basse-Normandie','France',1391,'Elite'),('CUST357','CART357','Chrissie','Crystal','1991-12-21','1968418377','ccrystal9w@people.com.cn',40,'233 Thackeray Parkway','Lanjaghbyur',591624,NULL,'Armenia',1133,'Elite'),('CUST358','CART358','Augy','Wyldbore','1988-09-06','6005619126','awyldbore9x@dagondesign.com',166,'4014 Independence Center','Jiannan',458105,NULL,'China',3516,'Elite'),('CUST359','CART359','Toma','Mandy','1962-03-14','8103909633','tmandy9y@angelfire.com',210,'26488 Garrison Plaza','Buenavista',514327,'Tamaulipas','Mexico',1268,'Normal'),('CUST360','CART360','Xavier','Ors','2009-11-04','7248149803','xors9z@weather.com',283,'7 Stuart Plaza','Bors',244509,'Vstra Gtaland','Sweden',NULL,'Normal'),('CUST361','CART361','Rosaleen','Oganesian','1987-01-24','5074176315','roganesiana0@booking.com',48,'9 Oak Hill','Nybro',220316,'Kalmar','Sweden',1186,'Prime'),('CUST362','CART362','Boyce','Reddish','1975-08-22',NULL,'breddisha1@netscape.com',20,'911 Anniversary Center','Lukou',394484,NULL,'China',670,'Normal'),('CUST363','CART363','Winfred','Harold','1974-10-09','7662658996','wharolda2@domainmarket.com',231,'4 Holmberg Court','Chone',563141,NULL,'Ecuador',3975,'Normal'),('CUST364','CART364','Marris','Mayberry','2003-01-14','8298289875','mmayberrya3@multiply.com',300,'969 Del Mar Lane','Haveluloto',482892,NULL,'Tonga',NULL,'Normal'),('CUST365','CART365','Gale','Buckles','1959-01-09','7376468414','gbucklesa4@apache.org',45,'33367 Ridgeview Pass','Karangagung Timur',203213,NULL,'Indonesia',1198,'Normal'),('CUST366','CART366','Pierette','Teather','1990-10-17','8198446629','pteathera5@imdb.com',26,'67443 Monument Terrace','Boshi',131121,NULL,'China',1877,'Prime'),('CUST367','CART367','Antoinette','Swindall','1958-01-26','6838695394','aswindalla6@dropbox.com',249,'3714 Nobel Parkway','Chengdong',598382,NULL,'China',4763,'Prime'),('CUST368','CART368','Cris','Espadero','1997-08-17','2027449544','cespaderoa7@geocities.jp',141,'11 Butterfield Park','Lindavista',320530,'Veracruz Llave','Mexico',598,'Normal'),('CUST369','CART369','Abagail','Derrell','1985-05-04','6831413529','aderrella8@reference.com',244,'66402 Comanche Lane','Yuanjiazhuang',298426,NULL,'China',1740,'Normal'),('CUST370','CART370','Micheil','Streeting','1975-04-19','9232374373','mstreetinga9@cargocollective.com',95,'002 Bowman Plaza','Itoman',578771,NULL,'Japan',2739,'Prime'),('CUST371','CART371','Amara','Krochmann','2004-01-07','1179287445','akrochmannaa@examiner.com',190,'3542 Hanson Road','Moquegua',253994,NULL,'Peru',1236,'Elite'),('CUST372','CART372','Ania','Shakspeare','1977-08-18','4048868943','ashakspeareab@histats.com',206,'2689 Daystar Parkway','Kungsr',262856,'Vstmanland','Sweden',1460,'Elite'),('CUST373','CART373','Ron','Presnall','1983-03-07','7694936401','rpresnallac@berkeley.edu',165,'59179 Ludington Alley','Bilaran',289524,NULL,'Philippines',3810,'Elite'),('CUST374','CART374','Lynnette','Silver','1962-02-10','4996083370','lsilverad@addtoany.com',296,'42 Bunker Hill Place','La Mula',526475,NULL,'Venezuela',1819,'Prime'),('CUST375','CART375','Wilhelmina','McKendry','2003-02-15','5014783184','wmckendryae@pcworld.com',64,'6 Huxley Avenue','Tanenofunan',130125,NULL,'Indonesia',491,'Elite'),('CUST376','CART376','Smitty','Treamayne','1962-08-24','4139844122','streamayneaf@princeton.edu',167,'5216 New Castle Way','Ips',329246,NULL,'Costa Rica',1563,'Prime'),('CUST377','CART377','Tomasine','Fonso','2004-12-04','8465492340','tfonsoag@netscape.com',136,'3639 Texas Road','Dunmanway',334105,NULL,'Ireland',4176,'Elite'),('CUST378','CART378','Dannie','Ostick','1985-10-18','8799274944','dostickah@cbsnews.com',196,'0536 Westridge Alley','Camajuan',232951,NULL,'Cuba',821,'Normal'),('CUST379','CART379','Koo','Otley','1990-02-13','7611212412','kotleyai@imdb.com',295,'6080 Declaration Place','La Reforma',357791,NULL,'Guatemala',3251,'Normal'),('CUST380','CART380','Sanderson','Nevitt','1975-07-30','9418942391','snevittaj@cyberchimps.com',34,'7 Maryland Street','Daqiao',452614,NULL,'China',2460,'Elite'),('CUST381','CART381','Joanie','Tames','1969-01-13','1292430301','jtamesak@i2i.jp',87,'550 Havey Parkway','Tetebatu',139376,NULL,'Indonesia',513,'Elite'),('CUST382','CART382','Prudi','Eates','1950-08-16','1877415414','peatesal@tmall.com',300,'96 Russell Junction','Ndewel',297798,NULL,'Indonesia',4054,'Elite'),('CUST383','CART383','Marchelle','Monk','1963-03-26','4331772891','mmonkam@cdbaby.com',153,'5427 Armistice Hill','Gap',531587,'Provence-Alpes-Cte d\'Azur','France',1915,'Normal'),('CUST384','CART384','Jackie','Orto','1957-05-29','7052705306','jortoan@zdnet.com',25,'6444 Dapin Center','Pining',138867,NULL,'Indonesia',NULL,'Normal'),('CUST385','CART385','Lu','Willey','1980-09-26','5644245554','lwilleyao@blog.com',175,'8 Heffernan Street','Zdice',537718,NULL,'Czech Republic',3642,'Normal'),('CUST386','CART386','Teddy','Finder','1955-06-24','6664658116','tfinderap@gnu.org',45,'4169 Spenser Pass','Hucheng',357079,NULL,'China',3516,'Prime'),('CUST387','CART387','Cathryn','Everly','1991-02-26','4702082919','ceverlyaq@google.pl',41,'759 Kennedy Center','Liuduzhai',489472,NULL,'China',1346,'Elite'),('CUST388','CART388','Pauletta','Lukianovich','1972-07-31','3651334144','plukianovichar@i2i.jp',116,'780 Westport Parkway','Sa Kaeo',376331,NULL,'Thailand',737,'Prime'),('CUST389','CART389','Franni','Paske','1981-10-14','8835504993','fpaskeas@xing.com',147,'83 2nd Way','Bagong Sikat',462908,NULL,'Philippines',4055,'Elite'),('CUST390','CART390','Franklin','Saywell','1998-09-26','3378843666','fsaywellat@about.me',37,'3308 Superior Road','Hongqiao',323967,NULL,'China',3821,'Elite'),('CUST391','CART391','Alisha','Dell Casa','1981-10-21','9828883664','adellcasaau@blogspot.com',40,'7560 Lillian Drive','Ngampon',369915,NULL,'Indonesia',NULL,'Prime'),('CUST392','CART392','Dian','Spino','1973-08-04','8284045008','dspinoav@xing.com',260,'2642 Roth Hill','Shumikha',439693,NULL,'Russia',2998,'Elite'),('CUST393','CART393','Karola','Cerith','1958-10-24','7057163719','kcerithaw@w3.org',111,'9 Sullivan Street','Prn',381488,NULL,'Afghanistan',3028,'Elite'),('CUST394','CART394','Boony','Annion','1978-12-29','2273127167','bannionax@nifty.com',279,'787 Leroy Pass','Junxi',382213,NULL,'China',4469,'Elite'),('CUST395','CART395','Ninette','Tabrett','2000-03-24','7342361504','ntabrettay@newsvine.com',261,'74 Annamark Terrace','Jonkowo',183007,NULL,'Poland',2493,'Elite'),('CUST396','CART396','Myrlene','Twinborough','1967-05-30','1909432107','mtwinboroughaz@instagram.com',68,'1549 Vahlen Lane','San Onofre',553353,NULL,'Colombia',2590,'Normal'),('CUST397','CART397','Dirk','Paintain','2000-07-06','9745148120','dpaintainb0@marriott.com',173,'9 Fairfield Avenue','Mali Io',227857,NULL,'Serbia',1888,'Prime'),('CUST398','CART398','Coreen','Rizzelli','1969-11-02','6513088020','crizzellib1@so-net.ne.jp',272,'135 Armistice Road','Zalewo',433744,NULL,'Poland',4591,'Normal'),('CUST399','CART399','Derril','Ginnell','1953-06-30','1107108058','dginnellb2@zimbio.com',256,'70 Sage Way','Pandanrejokrajan',537855,NULL,'Indonesia',3082,'Prime'),('CUST400','CART400','Gay','Marshal','1995-09-30','5751844802','gmarshalb3@odnoklassniki.ru',243,'5 3rd Road','Bin Ha',254552,NULL,'Vietnam',4998,'Normal'),('CUST401','CART401','Genni','Gerrard','1978-04-27','3313632946','ggerrardb4@va.gov',100,'35564 Summerview Parkway','Vrbas',552221,NULL,'Serbia',679,'Prime'),('CUST402','CART402','Waylan','Freeman','1986-10-24','6412909022','wfreemanb5@ftc.gov',63,'37 Bunting Alley','Bala Murghab',522098,NULL,'Afghanistan',4797,'Normal'),('CUST403','CART403','Christophorus','Ruspine','2003-02-21','3296343632','cruspineb6@canalblog.com',35,'0 Marquette Crossing','Orsk',383115,NULL,'Russia',3098,'Normal'),('CUST404','CART404','Adda','Gelderd','1980-06-30','5315245228','agelderdb7@nhs.uk',168,'091 Summerview Lane','Xike',107210,NULL,'China',4617,'Normal'),('CUST405','CART405','Leticia','Olver','1957-09-23',NULL,'lolverb8@de.vu',281,'89 Sunnyside Circle','Zhangyang',189495,NULL,'China',1000,'Prime'),('CUST406','CART406','Rosamund','Roullier','1976-10-02','1338667513','rroullierb9@prnewswire.com',48,'7250 Porter Center','Amherst',304902,'Nova Scotia','Canada',2296,'Elite'),('CUST407','CART407','Grange','Turnor','1985-06-02','5731273604','gturnorba@booking.com',74,'1 Harbort Trail','Xiaoguan',550406,NULL,'China',53,'Elite'),('CUST408','CART408','Vassili','Thrustle','1994-06-28','2504733240','vthrustlebb@businesswire.com',60,'93 Esch Plaza','Belawang',207935,NULL,'Indonesia',NULL,'Normal'),('CUST409','CART409','Ebony','Abrahmer','2006-10-25','6706107345','eabrahmerbc@google.pl',173,'67 Bobwhite Avenue','Wukang',114821,NULL,'China',2873,'Normal'),('CUST410','CART410','Erie','I\'anson','1954-03-08',NULL,'eiansonbd@networkadvertising.org',179,'055 Badeau Way','Badong',596852,NULL,'Indonesia',4862,'Prime'),('CUST411','CART411','Hadrian','Glanister','1953-09-28','2339423356','hglanisterbe@bluehost.com',175,'99331 Maywood Pass','Schieren',301111,NULL,'Luxembourg',NULL,'Prime'),('CUST412','CART412','Cati','Rennels','1981-11-02','8829845105','crennelsbf@godaddy.com',165,'86 Westridge Street','Sungaiduri',243975,NULL,'Indonesia',NULL,'Normal'),('CUST413','CART413','Carmen','Mawhinney','1975-06-07','4986447701','cmawhinneybg@pinterest.com',222,'0818 Magdeline Lane','Yantan',529416,NULL,'China',4201,'Elite'),('CUST414','CART414','Tony','Impy','1996-12-01','3982348338','timpybh@webnode.com',143,'00 School Avenue','Porkhov',265318,NULL,'Russia',2344,'Prime'),('CUST415','CART415','Clarisse','O\'Concannon','1962-03-12','6405499882','coconcannonbi@blogtalkradio.com',124,'404 Nova Avenue','Nunsena',368632,NULL,'Indonesia',396,'Elite'),('CUST416','CART416','Swen','Dowzell','2006-10-13','2818347519','sdowzellbj@lycos.com',119,'1929 Maple Trail','Wysoka Strzyowska',507582,NULL,'Poland',535,'Normal'),('CUST417','CART417','Cristal','Marjanski','1974-03-12','7069424463','cmarjanskibk@examiner.com',254,'5013 Jenifer Avenue','Tby',331068,'Stockholm','Sweden',515,'Elite'),('CUST418','CART418','Sandie','Yeates','1989-08-08','4228444928','syeatesbl@1688.com',187,'698 Hoepker Trail','Fengtai',421310,NULL,'China',1725,'Prime'),('CUST419','CART419','Granville','Roake','1977-02-26','5707826766','groakebm@phoca.cz',232,'6117 Hallows Alley','Casal da Anja',119361,'Leiria','Portugal',3254,'Elite'),('CUST420','CART420','Eula','Wilding','1952-08-17','2028032062','ewildingbn@wunderground.com',278,'3 Westridge Lane','Pulo',443066,NULL,'Philippines',3582,'Normal'),('CUST421','CART421','Anderson','Hampstead','2008-03-22','3546853870','ahampsteadbo@dion.ne.jp',90,'73 Sugar Trail','Gnosj',586671,'Jnkping','Sweden',3122,'Prime'),('CUST422','CART422','Beryle','Shilling','2006-12-02','3216857604','bshillingbp@eepurl.com',178,'40 Grayhawk Road','Nezvstice',282910,NULL,'Czech Republic',915,'Prime'),('CUST423','CART423','Stanislas','MacGauhy','1954-06-17','8181063871','smacgauhybq@theguardian.com',121,'671 Merry Circle','Gjinkar',111381,NULL,'Albania',277,'Prime'),('CUST424','CART424','Hester','Picker','1966-03-04','5944380928','hpickerbr@qq.com',156,'790 Golf View Trail','Krong Pi Nang',255040,NULL,'Thailand',247,'Elite'),('CUST425','CART425','Roselia','Scollick','1970-02-27','9388645542','rscollickbs@ucla.edu',182,'9559 Fair Oaks Trail','Fizuli',597140,NULL,'Azerbaijan',4017,'Normal'),('CUST426','CART426','Harlie','Fogel','1975-07-20',NULL,'hfogelbt@mozilla.com',82,'3695 Mitchell Circle','Chroustovice',129344,NULL,'Czech Republic',422,'Elite'),('CUST427','CART427','Clo','Scamal','1983-11-19','9217051209','cscamalbu@wix.com',59,'99 Nelson Point','Tuy Phc',252166,NULL,'Vietnam',3666,'Prime'),('CUST428','CART428','Marget','Daniell','1959-09-24','7444610518','mdaniellbv@amazon.com',279,'24 Kinsman Terrace','Ropice',353427,NULL,'Czech Republic',2010,'Elite'),('CUST429','CART429','Rina','Makin','2008-05-21','8879259340','rmakinbw@theglobeandmail.com',224,'69 Springs Parkway','Taluksangay',246711,NULL,'Philippines',182,'Prime'),('CUST430','CART430','Alvera','Beushaw','1999-07-08','4184018238','abeushawbx@themeforest.net',7,'51374 Sunfield Avenue','Foso',538919,NULL,'Ghana',149,'Normal'),('CUST431','CART431','Aaron','Brusin','1997-12-01','5703032556','abrusinby@clickbank.net',201,'78101 Banding Drive','Veracruz',586501,NULL,'Panama',447,'Prime'),('CUST432','CART432','Florrie','Josipovic','1997-10-20','8363610309','fjosipovicbz@un.org',293,'29 Dwight Center','Dalian',434882,NULL,'China',1115,'Elite'),('CUST433','CART433','Tedi','Millyard','1983-07-19','7245484460','tmillyardc0@princeton.edu',174,'100 Carey Place','Qelz',369329,NULL,'Albania',30,'Prime'),('CUST434','CART434','Celestina','Pedrollo','1970-06-06',NULL,'cpedrolloc1@github.com',271,'1291 Huxley Alley','Austin',214278,'Texas','United States',3839,'Prime'),('CUST435','CART435','Ambur','Dash','1956-03-22','2245913573','adashc2@about.me',71,'5574 West Road','Caraya',157927,NULL,'Paraguay',3790,'Elite'),('CUST436','CART436','Joshuah','Vinson','1967-06-07','6587223929','jvinsonc3@accuweather.com',136,'2 Cody Point','Vysotskoye',489847,NULL,'Russia',2619,'Normal'),('CUST437','CART437','Rorke','Crompton','2002-02-27','5232110509','rcromptonc4@4shared.com',218,'837 Goodland Pass','San Manuel Chaparrn',157699,NULL,'Guatemala',3698,'Normal'),('CUST438','CART438','Raimondo','Elcott','2006-11-28','4055658353','relcottc5@upenn.edu',175,'5182 Mandrake Drive','Aubenas',165115,'Rhne-Alpes','France',3383,'Normal'),('CUST439','CART439','Estelle','Amori','1967-09-27','5008479776','eamoric6@google.pl',179,'70 Kenwood Trail','Paris 16',268778,'le-de-France','France',377,'Elite'),('CUST440','CART440','Kara-lynn','Bottomore','1975-06-30','3052407134','kbottomorec7@printfriendly.com',256,'18539 Stephen Place','Marignane',413525,'Provence-Alpes-Cte d\'Azur','France',NULL,'Prime'),('CUST441','CART441','Philippa','Eggers','1986-04-21','4981200692','peggersc8@fda.gov',206,'4 Clyde Gallagher Road','Baraba',574756,NULL,'Russia',NULL,'Elite'),('CUST442','CART442','Maddie','Wintringham','1988-05-04','6063058176','mwintringhamc9@blogs.com',77,'9 Oxford Lane','Eastern Suburbs Mc',259019,'New South Wales','Australia',3589,'Prime'),('CUST443','CART443','Des','Wavell','1973-02-06','2043219495','dwavellca@miitbeian.gov.cn',295,'56 Transport Road','Oslo',576694,'Oslo','Norway',4363,'Normal'),('CUST444','CART444','Analise','Vedekhin','1959-04-25','2129673283','avedekhincb@yandex.ru',40,'2738 Melrose Place','ejkovice',340810,NULL,'Czech Republic',4541,'Prime'),('CUST445','CART445','Tessa','Blick','1975-04-04','9458676729','tblickcc@noaa.gov',110,'20 Golf View Place','Choszczno',589881,NULL,'Poland',3132,'Normal'),('CUST446','CART446','Prent','Dibbe','1980-04-19','8672604654','pdibbecd@google.com.br',57,'58 Springview Avenue','Innisfil',401131,'Ontario','Canada',923,'Prime'),('CUST447','CART447','Nadia','St Pierre','2007-01-27','9278554866','nstpierrece@cocolog-nifty.com',107,'80 Sunbrook Drive','Dongshe',101739,NULL,'China',3625,'Elite'),('CUST448','CART448','Dana','Jayme','1984-05-02','4742508352','djaymecf@ft.com',87,'71 Vahlen Crossing','Yanglinwei',425985,NULL,'China',1699,'Prime'),('CUST449','CART449','Valentijn','Larmuth','1974-12-05','6625407220','vlarmuthcg@angelfire.com',217,'7 Autumn Leaf Pass','Francisco Villa',439922,'Coahuila De Zaragoza','Mexico',2537,'Prime'),('CUST450','CART450','Mignon','Angerstein','1961-05-06','3414095131','mangersteinch@cbc.ca',198,'183 Brown Hill','Turgenevo',588957,NULL,'Russia',2145,'Prime'),('CUST451','CART451','Laurena','Conkey','1975-06-10','4427104557','lconkeyci@ning.com',238,'090 Hermina Hill','Oslo',246429,'Oslo','Norway',3013,'Prime'),('CUST452','CART452','Andras','Carnoghan','2006-02-16','2258532835','acarnoghancj@cisco.com',59,'5580 Shelley Drive','Leondio',474955,NULL,'Greece',4691,'Prime'),('CUST453','CART453','Prentice','Cordero','1979-03-20','2388337269','pcorderock@alibaba.com',44,'0911 Di Loreto Trail','Changchun',571613,NULL,'China',2909,'Normal'),('CUST454','CART454','Horton','Dincey','1975-05-09','1608515143','hdinceycl@google.de',2,'0 Towne Terrace','Balayan',233262,NULL,'Philippines',1649,'Normal'),('CUST455','CART455','Morrie','Crannis','1995-06-21','7216387524','mcranniscm@virginia.edu',160,'58 Mallory Alley','Dziadowo',277753,NULL,'Poland',105,'Prime'),('CUST456','CART456','Correna','Davidovicz','1969-06-07','9269559673','cdavidoviczcn@bravesites.com',75,'64788 Reindahl Pass','Karangnunggal',271196,NULL,'Indonesia',2854,'Prime'),('CUST457','CART457','Paulette','Inchan','1957-11-26','2027569262','pinchanco@huffingtonpost.com',109,'8 Florence Junction','Gresik',575556,NULL,'Indonesia',4977,'Normal'),('CUST458','CART458','Elvina','Stubley','1992-08-06','9691159635','estubleycp@linkedin.com',141,'0 Hazelcrest Crossing','Kusatsu',100161,NULL,'Japan',4363,'Elite'),('CUST459','CART459','Mimi','Wittier','1956-01-23','7906207721','mwittiercq@miitbeian.gov.cn',272,'3914 Truax Crossing','Huangnihe',445398,NULL,'China',2578,'Prime'),('CUST460','CART460','Karisa','Curm','2000-10-01','7133069425','kcurmcr@tripod.com',223,'62 Meadow Valley Point','Sokka',120969,NULL,'Poland',3065,'Normal'),('CUST461','CART461','Tonnie','Chalfant','2001-03-27','6216013023','tchalfantcs@trellian.com',100,'46709 Katie Trail','Songshi',170134,NULL,'China',4159,'Normal'),('CUST462','CART462','Bert','Vaillant','1986-06-10','1928695405','bvaillantct@fastcompany.com',91,'7 Manitowish Street','Nanqiao',472739,NULL,'China',NULL,'Normal'),('CUST463','CART463','Celie','Rosander','1993-05-15','2995008969','crosandercu@naver.com',252,'62518 John Wall Pass','Pashkovskiy',102426,NULL,'Russia',NULL,'Prime'),('CUST464','CART464','Cristy','Harraway','1962-06-14',NULL,'charrawaycv@sciencedirect.com',174,'6686 Buell Way','Hagfors',334259,'Vrmland','Sweden',1202,'Elite'),('CUST465','CART465','Carlee','Blacklawe','1953-01-05','5454965746','cblacklawecw@mail.ru',197,'5568 Blaine Point','Jayune',324893,NULL,'Peru',4597,'Prime'),('CUST466','CART466','Tamra','Fitzpatrick','2005-12-05','3013691512','tfitzpatrickcx@ebay.co.uk',29,'8535 Grasskamp Way','Dongjiao',388746,NULL,'China',2975,'Prime'),('CUST467','CART467','Rivkah','Duckels','1981-05-29','9045426706','rduckelscy@example.com',205,'58 Lakewood Gardens Plaza','Kuala Lumpur',284917,'Kuala Lumpur','Malaysia',2746,'Normal'),('CUST468','CART468','Justin','Saturley','2006-06-07','6619169085','jsaturleycz@uiuc.edu',88,'47064 Miller Hill','Ubinskoye',432808,NULL,'Russia',3051,'Normal'),('CUST469','CART469','Jorrie','Copeland','1977-06-13','7961292205','jcopelandd0@fema.gov',189,'02 Delaware Avenue','Mizhou',127927,NULL,'China',1054,'Elite'),('CUST470','CART470','Becki','Synan','1968-11-27','1775142070','bsynand1@cisco.com',290,'94 Elmside Terrace','Brah',340609,NULL,'Sudan',1036,'Prime'),('CUST471','CART471','Gregoor','Lerhinan','2003-06-06','2683113323','glerhinand2@altervista.org',218,'558 Knutson Junction','Iguape',502511,NULL,'Brazil',1553,'Elite'),('CUST472','CART472','Debbi','Asmus','1952-04-07','2898528528','dasmusd3@soundcloud.com',90,'002 Buena Vista Place','Phan Thong',256561,NULL,'Thailand',1325,'Prime'),('CUST473','CART473','Caz','Bernakiewicz','1970-04-01','6453599904','cbernakiewiczd4@free.fr',212,'62272 Sage Alley','Pira',310290,NULL,'Peru',1290,'Prime'),('CUST474','CART474','Hyacinthie','Cardenosa','1980-05-14','9909138565','hcardenosad5@jiathis.com',65,'43 Del Sol Parkway','Cergy-Pontoise',348292,'le-de-France','France',4756,'Elite'),('CUST475','CART475','Hagen','Scottesmoor','1961-11-26','2219373775','hscottesmoord6@rediff.com',149,'705 International Trail','Satovcha',432833,NULL,'Bulgaria',4352,'Prime'),('CUST476','CART476','Ethelind','Chrichton','2007-01-18','8224520691','echrichtond7@tiny.cc',227,'931 Larry Avenue','Qoqon',241823,NULL,'Uzbekistan',1558,'Elite'),('CUST477','CART477','Drew','Paoli','1976-11-07','6192395949','dpaolid8@gravatar.com',106,'0 Pankratz Trail','Toktogul',493499,NULL,'Kyrgyzstan',3562,'Elite'),('CUST478','CART478','Calhoun','Woodlands','1951-08-25','4272434604','cwoodlandsd9@smh.com.au',95,'0949 Texas Avenue','Sidareja',406933,NULL,'Indonesia',2156,'Normal'),('CUST479','CART479','Lacee','Shiell','1959-01-01','5936114389','lshiellda@51.la',216,'79 Reindahl Way','Kragujevac',126636,NULL,'Serbia',1617,'Elite'),('CUST480','CART480','Curran','Titt','1951-10-26','5233060142','ctittdb@devhub.com',96,'3972 Rigney Road','Yeniugou',144823,NULL,'China',2219,'Elite'),('CUST481','CART481','Paquito','Courvert','1954-10-22','9819468654','pcourvertdc@theglobeandmail.com',186,'48 Prairieview Hill','Negoslavci',529360,NULL,'Croatia',3151,'Prime'),('CUST482','CART482','Melony','Swinnerton','1960-04-17',NULL,'mswinnertondd@networkadvertising.org',294,'9285 Harbort Park','Patnongon',510877,NULL,'Philippines',901,'Normal'),('CUST483','CART483','Dian','Doding','2008-07-02','1832669314','ddodingde@netlog.com',4,'99016 Old Shore Avenue','Vimmerby',379688,'Kalmar','Sweden',4774,'Prime'),('CUST484','CART484','Minne','Repp','2007-05-25','2836534677','mreppdf@ustream.tv',293,'80323 Trailsway Street','Vesoul',571273,'Franche-Comt','France',759,'Normal'),('CUST485','CART485','Dallas','Crut','1965-09-15','1948174330','dcrutdg@infoseek.co.jp',6,'9 Prentice Terrace','Beigang',492765,NULL,'China',1528,'Normal'),('CUST486','CART486','Tamera','Bernardoni','1961-03-19','8568663428','tbernardonidh@globo.com',75,'35 Hoffman Point','Zalantun',271906,NULL,'China',2829,'Prime'),('CUST487','CART487','Barthel','Lucius','1952-07-26',NULL,'bluciusdi@ovh.net',191,'8081 Glendale Pass','El Cantn',118452,NULL,'Venezuela',667,'Prime'),('CUST488','CART488','Waylon','Rosenbarg','1985-06-17','1567516467','wrosenbargdj@forbes.com',182,'1858 Forster Pass','Ina',349679,NULL,'Japan',2651,'Prime'),('CUST489','CART489','Rori','Drohan','1951-10-24','2454999247','rdrohandk@vkontakte.ru',188,'32036 Stoughton Parkway','Piedras',108067,NULL,'Colombia',913,'Prime'),('CUST490','CART490','Truman','Billham','2003-12-30','9936399755','tbillhamdl@ebay.com',201,'35 Blue Bill Park Point','Dao',447981,NULL,'Philippines',4410,'Prime'),('CUST491','CART491','Maxine','Giannazzo','1950-03-23','4963741526','mgiannazzodm@deviantart.com',161,'24859 Manitowish Alley','Artybash',366980,NULL,'Russia',3905,'Normal'),('CUST492','CART492','Billi','Sanson','1968-07-26','4727778127','bsansondn@google.de',133,'96399 Bellgrove Drive','Powassan',476277,'Ontario','Canada',3934,'Elite'),('CUST493','CART493','Spencer','Packman','1956-08-21','2812708984','spackmando@blog.com',89,'7 Rigney Park','Humble',567257,'Texas','United States',4233,'Elite'),('CUST494','CART494','Alley','Jewis','1965-06-21','4948508471','ajewisdp@state.tx.us',100,'0 Merchant Alley','Oslo',575616,'Oslo','Norway',4470,'Normal'),('CUST495','CART495','Haslett','De Simoni','1958-08-20',NULL,'hdesimonidq@plala.or.jp',193,'074 East Plaza','Kopparberg',205167,'rebro','Sweden',1686,'Elite'),('CUST496','CART496','Darice','Brodley','1967-02-07','2035641126','dbrodleydr@ft.com',292,'37 Coolidge Hill','Arinos',303146,NULL,'Brazil',2219,'Normal'),('CUST497','CART497','Chrisy','Couronne','1999-06-14','2325371567','ccouronneds@chron.com',148,'7 Mallard Drive','Petvald',308389,NULL,'Czech Republic',1218,'Prime'),('CUST498','CART498','Hattie','Hasty','1992-04-13','7854806231','hhastydt@imgur.com',233,'48727 Green Terrace','Zhongxinqiao',287559,NULL,'China',3568,'Prime'),('CUST499','CART499','Oliviero','Anthonies','1973-07-28','2168388077','oanthoniesdu@networkadvertising.org',226,'6 Thackeray Alley','Mtwara',230587,NULL,'Tanzania',3893,'Elite'),('CUST500','CART500','Malorie','Tarrier','1950-11-20','6518484602','mtarrierdv@soundcloud.com',239,'0 Dovetail Alley','Dagang',261028,NULL,'China',4675,'Elite');
/*!40000 ALTER TABLE `customer` ENABLE KEYS */;
UNLOCK TABLES;

--
-- Table structure for table `order`
--

DROP TABLE IF EXISTS `order`;
/*!40101 SET @saved_cs_client     = @@character_set_client */;
/*!50503 SET character_set_client = utf8mb4 */;
CREATE TABLE `order` (
  `order_id` varchar(8) NOT NULL,
  `customer_id` varchar(7) DEFAULT NULL,
  `coupon_id` varchar(6) DEFAULT NULL,
  `transaction_id` varchar(8) DEFAULT NULL,
  `shipper_id` varchar(10) DEFAULT NULL,
  `order_status` varchar(10) NOT NULL,
  `order_date` date NOT NULL,
  `shipping_date` date NOT NULL,
  `house_number` int NOT NULL,
  `street` varchar(50) NOT NULL,
  `city` varchar(50) NOT NULL,
  `pincode` int NOT NULL,
  `state` varchar(50) DEFAULT NULL,
  `country` varchar(50) NOT NULL,
  `tax` int NOT NULL,
  `delivery_charges` int NOT NULL,
  `total_amount` int NOT NULL,
  `net_amount` int NOT NULL,
  `payment_status` varchar(8) NOT NULL,
  PRIMARY KEY (`order_id`),
  KEY `customer_id` (`customer_id`),
  KEY `coupon_id` (`coupon_id`),
  KEY `transaction_id` (`transaction_id`),
  KEY `shipper_id` (`shipper_id`),
  CONSTRAINT `order_ibfk_1` FOREIGN KEY (`customer_id`) REFERENCES `customer` (`customer_id`),
  CONSTRAINT `order_ibfk_2` FOREIGN KEY (`coupon_id`) REFERENCES `coupon` (`coupon_id`),
  CONSTRAINT `order_ibfk_3` FOREIGN KEY (`transaction_id`) REFERENCES `transaction` (`transaction_id`),
  CONSTRAINT `order_ibfk_4` FOREIGN KEY (`shipper_id`) REFERENCES `shipper` (`shipper_id`)
) ENGINE=InnoDB DEFAULT CHARSET=utf8mb4 COLLATE=utf8mb4_0900_ai_ci;
/*!40101 SET character_set_client = @saved_cs_client */;

--
-- Dumping data for table `order`
--

LOCK TABLES `order` WRITE;
/*!40000 ALTER TABLE `order` DISABLE KEYS */;
INSERT INTO `order` VALUES ('ORDER001','CUST261',NULL,'TRANS001','SHIPPER018','Processed','2021-02-09','2015-04-12',42,'895 4th Lane','Zangkaxa',513203,NULL,'China',0,75,318,2396,'Paid'),('ORDER002','CUST408',NULL,'TRANS002','SHIPPER040','Processed','2016-07-09','2019-07-04',121,'4 Cordelia Center','Sizhou',518926,NULL,'China',6,95,6977,10013,'Paid'),('ORDER003','CUST239',NULL,'TRANS003','SHIPPER040','Processed','2021-04-17','2017-10-20',28,'0 Warner Court','Shaxi',377978,NULL,'China',11,130,7174,10736,'Refunded'),('ORDER004','CUST067',NULL,'TRANS004','SHIPPER041','Delivered','2017-08-14','2015-02-23',268,'32 Monument Place','Drzewica',367088,NULL,'Poland',17,159,8436,371,'Refunded'),('ORDER005','CUST349',NULL,'TRANS005','SHIPPER085','Dispatched','2019-11-08','2020-07-15',148,'7 Warbler Pass','Messina',583223,'Sicilia','Italy',13,63,5434,1046,'Paid'),('ORDER006','CUST108',NULL,'TRANS006','SHIPPER043','Dispatched','2019-03-22','2022-01-03',251,'8 Morning Crossing','Mingjing',388372,NULL,'China',1,69,6969,6564,'Refunded'),('ORDER007','CUST036',NULL,'TRANS007','SHIPPER016','Dispatched','2017-01-29','2015-06-08',161,'48 Welch Junction','Nikolina Gora',358399,NULL,'Russia',3,117,6109,3088,'Refunded'),('ORDER008','CUST112',NULL,'TRANS008','SHIPPER001','Dispatched','2022-07-24','2022-10-29',146,'31 Stoughton Lane','Krmeln',188793,NULL,'Czech Republic',3,117,5996,7352,'Refunded'),('ORDER009','CUST118',NULL,'TRANS009','SHIPPER075','Dispatched','2022-06-09','2022-01-06',191,'5847 Forster Trail','Coronda',158213,NULL,'Argentina',17,170,8267,522,'Paid'),('ORDER010','CUST465',NULL,'TRANS010','SHIPPER019','Delivered','2019-06-08','2018-03-13',25,'2 Ridge Oak Drive','Estncia Velha',319089,NULL,'Brazil',6,85,4058,4664,'Unpaid'),('ORDER011','CUST049','COU054','TRANS011','SHIPPER029','Processed','2021-06-18','2017-08-28',293,'57 Monument Street','Were lu',241724,NULL,'Ethiopia',8,141,1032,9763,'Paid'),('ORDER012','CUST479','COU003','TRANS012','SHIPPER063','Delivered','2022-09-17','2019-08-10',141,'8 Miller Terrace','Tonkino',570438,NULL,'Russia',10,31,6162,10220,'Unpaid'),('ORDER013','CUST032','COU030','TRANS013','SHIPPER086','Processed','2017-05-21','2017-06-17',27,'521 Surrey Avenue','Jujur',123398,NULL,'Indonesia',0,103,1404,7917,'Paid'),('ORDER014','CUST265','COU018','TRANS014','SHIPPER071','Processed','2020-03-11','2017-01-07',52,'957 Carioca Way','Ciudad Bolivia',560439,NULL,'Venezuela',7,189,9751,4155,'Paid'),('ORDER015','CUST431','COU030','TRANS015','SHIPPER043','Processed','2022-11-24','2015-05-13',65,'92 Morrow Place','Mangochi',535722,NULL,'Malawi',8,86,3664,2378,'Paid'),('ORDER016','CUST384',NULL,'TRANS016','SHIPPER040','Delivered','2021-03-13','2018-05-13',159,'9 Mosinee Center','San Jose',301113,'Oaxaca','Mexico',1,62,8165,2119,'Refunded'),('ORDER017','CUST210','COU044','TRANS017','SHIPPER020','Delivered','2020-04-19','2019-06-20',65,'80176 Burning Wood Place','Balingoan',315267,NULL,'Philippines',11,10,1404,4690,'Refunded'),('ORDER018','CUST189',NULL,'TRANS018','SHIPPER006','Dispatched','2021-09-10','2015-01-10',242,'3533 School Avenue','Yousheng',158161,NULL,'China',2,1,1906,7428,'Unpaid'),('ORDER019','CUST186',NULL,'TRANS019','SHIPPER004','Dispatched','2016-12-05','2015-02-14',72,'8180 Browning Way','Emporeo',439596,NULL,'Greece',8,113,8272,10991,'Unpaid'),('ORDER020','CUST487','COU009','TRANS020','SHIPPER075','Dispatched','2016-01-30','2019-06-27',155,'45860 Green Parkway','Tizgane',408455,NULL,'Morocco',17,81,240,2879,'Paid'),('ORDER021','CUST237','COU087','TRANS021','SHIPPER089','Delivered','2016-11-23','2020-11-21',116,'684 Oakridge Trail','Dillenburg',204480,'Hessen','Germany',16,55,3603,1717,'Unpaid'),('ORDER022','CUST274','COU090','TRANS022','SHIPPER024','Dispatched','2015-12-22','2015-01-11',118,'053 Vidon Alley','Garawati',311898,NULL,'Indonesia',6,102,2117,8911,'Refunded'),('ORDER023','CUST124',NULL,'TRANS023','SHIPPER024','Dispatched','2021-06-13','2017-05-01',159,'852 Roxbury Junction','Corralillo',575090,NULL,'Cuba',0,7,6055,7137,'Unpaid'),('ORDER024','CUST159','COU044','TRANS024','SHIPPER046','Dispatched','2021-04-29','2018-07-28',242,'0 Gateway Parkway','Varge Mondar',505177,'Lisboa','Portugal',8,73,8013,1573,'Paid'),('ORDER025','CUST462',NULL,'TRANS025','SHIPPER015','Delivered','2019-01-11','2022-09-02',242,'4997 Melrose Parkway','Belle-Anse',337409,NULL,'Haiti',5,14,8186,2040,'Refunded'),('ORDER026','CUST233','COU083','TRANS026','SHIPPER024','Processed','2017-08-04','2021-12-18',211,'2 Di Loreto Pass','Tsant',445129,NULL,'Mongolia',0,187,7381,1614,'Paid'),('ORDER027','CUST129','COU098','TRANS027','SHIPPER003','Dispatched','2020-06-02','2022-12-04',269,'26 Doe Crossing Court','Tanjung',103076,NULL,'Indonesia',2,25,5126,6772,'Paid'),('ORDER028','CUST092','COU031','TRANS028','SHIPPER083','Delivered','2021-09-15','2016-01-31',245,'36267 Browning Circle','Moijabana',482786,NULL,'Botswana',1,132,1343,5875,'Paid'),('ORDER029','CUST497',NULL,'TRANS029','SHIPPER044','Dispatched','2016-10-20','2020-01-05',154,'380 8th Junction','Kakogawach-honmachi',464143,NULL,'Japan',15,193,8992,3072,'Paid'),('ORDER030','CUST018','COU015','TRANS030','SHIPPER081','Dispatched','2018-05-13','2020-02-06',86,'6427 Pepper Wood Circle','Cartagena',167854,NULL,'Colombia',14,116,8009,6301,'Paid'),('ORDER031','CUST005',NULL,'TRANS031','SHIPPER017','Dispatched','2018-01-07','2016-12-22',246,'343 Hoepker Road','Wilwerwiltz',376244,NULL,'Luxembourg',9,67,6431,3611,'Unpaid'),('ORDER032','CUST212','COU074','TRANS032','SHIPPER002','Delivered','2016-10-15','2020-02-09',170,'9 Thackeray Avenue','Nkongsamba',150493,NULL,'Cameroon',6,61,3655,1280,'Paid'),('ORDER033','CUST493','COU083','TRANS033','SHIPPER037','Processed','2021-05-28','2021-10-23',18,'7 Tomscot Terrace','San Jos de Jchal',525758,NULL,'Argentina',1,93,6220,10957,'Unpaid'),('ORDER034','CUST343','COU028','TRANS034','SHIPPER059','Processed','2016-11-12','2018-03-24',245,'4512 Knutson Avenue','Arkhaa Krinthos',314260,NULL,'Greece',18,171,7950,9551,'Unpaid'),('ORDER035','CUST170','COU088','TRANS035','SHIPPER020','Delivered','2022-01-04','2021-12-16',253,'2 Melody Way','San Vicente',386355,NULL,'Philippines',4,133,6390,5759,'Paid'),('ORDER036','CUST132',NULL,'TRANS036','SHIPPER085','Delivered','2022-09-10','2015-05-19',245,'8 Norway Maple Pass','El Cantn',329820,NULL,'Venezuela',9,87,3875,6449,'Unpaid'),('ORDER037','CUST016','COU053','TRANS037','SHIPPER091','Dispatched','2016-12-14','2015-10-02',134,'499 Hansons Point','An Naryah',533366,NULL,'Palestinian Territory',13,163,8069,684,'Unpaid'),('ORDER038','CUST094','COU045','TRANS038','SHIPPER088','Delivered','2015-01-10','2018-10-29',89,'3 Mifflin Lane','Cauday',408405,NULL,'Peru',17,112,9810,1033,'Paid'),('ORDER039','CUST049',NULL,'TRANS039','SHIPPER061','Delivered','2022-03-11','2020-05-30',11,'7 Mesta Terrace','Cam Lm',523763,NULL,'Vietnam',8,53,3691,5980,'Paid'),('ORDER040','CUST414',NULL,'TRANS040','SHIPPER043','Delivered','2016-12-31','2016-07-26',82,'723 Jana Plaza','Skien',543214,'Telemark','Norway',5,188,6304,8988,'Unpaid'),('ORDER041','CUST062','COU080','TRANS041','SHIPPER087','Processed','2022-03-11','2019-08-02',154,'68485 Westend Street','Jubaoshan',366542,NULL,'China',10,35,7473,6038,'Refunded'),('ORDER042','CUST337','COU071','TRANS042','SHIPPER091','Dispatched','2015-03-21','2022-06-08',209,'333 4th Plaza','Quinta da Courela',409448,'Setbal','Portugal',9,189,4175,10178,'Unpaid'),('ORDER043','CUST037',NULL,'TRANS043','SHIPPER045','Dispatched','2022-03-08','2016-07-16',66,'6182 Oakridge Point','Monino',188729,NULL,'Russia',15,132,9987,1027,'Unpaid'),('ORDER044','CUST328',NULL,'TRANS044','SHIPPER087','Processed','2017-01-25','2021-01-04',191,'44354 Springs Terrace','Ryazan',361634,NULL,'Russia',3,6,695,2675,'Refunded'),('ORDER045','CUST156',NULL,'TRANS045','SHIPPER029','Delivered','2015-08-23','2016-02-24',38,'27849 Debs Circle','Perube',215998,NULL,'Brazil',14,171,1040,7968,'Unpaid'),('ORDER046','CUST278','COU004','TRANS046','SHIPPER017','Delivered','2022-01-13','2018-06-04',159,'05 Coolidge Plaza','Mayrtup',454412,NULL,'Russia',0,5,8281,10637,'Paid'),('ORDER047','CUST104','COU048','TRANS047','SHIPPER086','Processed','2019-09-14','2016-05-17',255,'63 Homewood Park','Ancona',160612,'Marche','Italy',17,14,4900,651,'Refunded'),('ORDER048','CUST388','COU028','TRANS048','SHIPPER011','Processed','2016-09-09','2016-01-05',15,'456 Browning Court','Bang Mun Nak',219991,NULL,'Thailand',1,141,8454,5758,'Refunded'),('ORDER049','CUST218',NULL,'TRANS049','SHIPPER053','Processed','2015-01-24','2017-07-04',211,'5 Little Fleur Parkway','Lututw',520656,NULL,'Poland',17,195,8807,9543,'Paid'),('ORDER050','CUST201',NULL,'TRANS050','SHIPPER004','Delivered','2018-05-13','2020-06-05',245,'9 Packers Parkway','Qianshan',323437,NULL,'China',17,88,8018,1468,'Paid'),('ORDER051','CUST483','COU062','TRANS051','SHIPPER064','Delivered','2020-04-24','2020-06-26',44,'08 Bobwhite Street','Iberia',208473,NULL,'Peru',17,128,6028,7595,'Paid'),('ORDER052','CUST142',NULL,'TRANS052','SHIPPER027','Processed','2022-03-03','2022-05-26',167,'4 Pleasure Court','El Obeid',487369,NULL,'Sudan',14,96,8758,8681,'Unpaid'),('ORDER053','CUST043',NULL,'TRANS053','SHIPPER007','Dispatched','2019-02-22','2016-10-04',75,'27221 Comanche Trail','Touzao',400288,NULL,'China',3,196,2645,2132,'Unpaid'),('ORDER054','CUST097',NULL,'TRANS054','SHIPPER022','Delivered','2015-03-27','2016-09-08',227,'71893 Riverside Drive','Purwodadi',549650,NULL,'Indonesia',4,97,2286,10685,'Unpaid'),('ORDER055','CUST333',NULL,'TRANS055','SHIPPER041','Dispatched','2019-10-12','2017-07-12',6,'15313 Sauthoff Lane','Empedrado',193358,NULL,'Argentina',14,146,7438,6808,'Unpaid'),('ORDER056','CUST013','COU052','TRANS056','SHIPPER027','Dispatched','2020-12-29','2022-02-12',51,'202 Leroy Trail','Pask',484414,NULL,'Poland',10,113,8205,9598,'Paid'),('ORDER057','CUST113',NULL,'TRANS057','SHIPPER041','Dispatched','2022-05-24','2020-02-27',161,'4 Tennessee Circle','Xinning',135359,NULL,'China',13,74,4275,6047,'Paid'),('ORDER058','CUST006',NULL,'TRANS058','SHIPPER032','Delivered','2017-09-03','2022-02-15',153,'34 Northfield Point','Pointe--Pitre',248255,'Guadeloupe','Guadeloupe',4,136,5859,5509,'Refunded'),('ORDER059','CUST053','COU079','TRANS059','SHIPPER071','Dispatched','2019-12-29','2015-03-18',76,'403 Shelley Circle','Sedati',565506,NULL,'Indonesia',1,149,5764,3913,'Unpaid'),('ORDER060','CUST222','COU060','TRANS060','SHIPPER014','Delivered','2019-05-22','2016-07-03',184,'2086 Di Loreto Street','Lugovoy',150565,NULL,'Kazakhstan',2,45,728,254,'Unpaid'),('ORDER061','CUST495','COU003','TRANS061','SHIPPER032','Delivered','2021-08-08','2015-07-18',260,'2 Mallory Center','Beicang',292228,NULL,'China',0,175,7793,7823,'Unpaid'),('ORDER062','CUST046',NULL,'TRANS062','SHIPPER043','Delivered','2019-01-20','2017-09-10',230,'35345 Grayhawk Park','Montecristi',159019,NULL,'Ecuador',5,89,6350,3237,'Paid'),('ORDER063','CUST291','COU079','TRANS063','SHIPPER030','Processed','2015-12-08','2017-06-22',10,'5 Dayton Hill','Boavista',353940,'Braga','Portugal',11,115,8056,10134,'Refunded'),('ORDER064','CUST257','COU067','TRANS064','SHIPPER024','Delivered','2017-05-18','2022-05-22',45,'883 Hallows Parkway','Malaya Dubna',586489,NULL,'Russia',3,141,4613,9784,'Paid'),('ORDER065','CUST374',NULL,'TRANS065','SHIPPER084','Delivered','2021-12-30','2022-09-13',215,'501 Aberg Pass','Chicheng',510365,NULL,'China',6,133,3366,4919,'Refunded'),('ORDER066','CUST044',NULL,'TRANS066','SHIPPER013','Processed','2022-09-13','2019-08-08',21,'46 Sachs Junction','Jurm',206771,NULL,'Afghanistan',3,59,9178,6894,'Paid'),('ORDER067','CUST253',NULL,'TRANS067','SHIPPER019','Delivered','2021-07-24','2017-01-12',125,'73 Lakewood Gardens Crossing','Kiangan',280272,NULL,'Philippines',14,135,4216,7578,'Unpaid'),('ORDER068','CUST205',NULL,'TRANS068','SHIPPER091','Dispatched','2016-03-13','2021-09-01',39,'97 Sullivan Lane','Chinandega',207786,NULL,'Nicaragua',13,19,6358,6165,'Paid'),('ORDER069','CUST219','COU056','TRANS069','SHIPPER091','Processed','2020-04-21','2020-11-26',115,'3 Kensington Court','Kasiyan',260581,NULL,'Indonesia',16,92,5296,7850,'Unpaid'),('ORDER070','CUST183',NULL,'TRANS070','SHIPPER083','Processed','2021-03-15','2019-11-26',207,'2336 Bayside Parkway','Magisterial',441870,'Veracruz Llave','Mexico',7,195,401,10574,'Refunded'),('ORDER071','CUST214',NULL,'TRANS071','SHIPPER069','Delivered','2015-11-10','2015-02-13',170,'8280 Cardinal Plaza','Liozon',106334,NULL,'Philippines',1,9,2969,105,'Paid'),('ORDER072','CUST002',NULL,'TRANS072','SHIPPER041','Dispatched','2022-03-14','2016-05-13',230,'86 Westport Terrace','Krasnaya Polyana',203049,NULL,'Russia',1,45,2007,4348,'Refunded'),('ORDER073','CUST367',NULL,'TRANS073','SHIPPER039','Dispatched','2020-07-15','2018-02-17',70,'739 Coleman Terrace','Tm Vu',441138,NULL,'Vietnam',17,1,2197,11,'Paid'),('ORDER074','CUST009','COU052','TRANS074','SHIPPER085','Dispatched','2021-07-22','2016-05-30',248,'35513 Manitowish Point','Vnh Thun',477068,NULL,'Vietnam',7,187,9792,4816,'Unpaid'),('ORDER075','CUST064',NULL,'TRANS075','SHIPPER015','Processed','2020-11-17','2016-03-21',205,'932 Mandrake Pass','Liurenba',435338,NULL,'China',0,177,5106,2775,'Refunded'),('ORDER076','CUST179','COU054','TRANS076','SHIPPER030','Dispatched','2018-10-15','2022-02-23',137,'16333 Redwing Road','Huyang',592291,NULL,'China',15,164,6837,2729,'Unpaid'),('ORDER077','CUST020',NULL,'TRANS077','SHIPPER028','Dispatched','2020-03-14','2018-12-31',126,'6 Rowland Avenue','Camrose',306600,'Alberta','Canada',16,165,4395,4417,'Unpaid'),('ORDER078','CUST351',NULL,'TRANS078','SHIPPER084','Dispatched','2022-05-19','2022-07-22',157,'26734 Warner Center','Nandayure',348957,NULL,'Costa Rica',12,56,3965,1824,'Refunded'),('ORDER079','CUST099',NULL,'TRANS079','SHIPPER100','Delivered','2019-04-14','2019-02-18',41,'3 Forest Dale Point','Kecskemt',521600,'Bcs-Kiskun','Hungary',2,196,8683,8164,'Refunded'),('ORDER080','CUST142','COU002','TRANS080','SHIPPER018','Dispatched','2021-07-26','2021-10-29',169,'99882 Declaration Avenue','Mashi',183255,NULL,'China',4,199,9502,4388,'Paid'),('ORDER081','CUST374','COU097','TRANS081','SHIPPER039','Dispatched','2018-02-13','2021-10-28',216,'1565 Eastlawn Crossing','Aranitas',503569,NULL,'Albania',5,140,5850,613,'Refunded'),('ORDER082','CUST075','COU066','TRANS082','SHIPPER005','Processed','2015-11-19','2016-05-10',284,'57089 Del Mar Point','Shevchenkove',450848,NULL,'Ukraine',6,16,3427,2819,'Refunded'),('ORDER083','CUST306','COU053','TRANS083','SHIPPER074','Dispatched','2019-08-02','2019-12-08',276,'5 Farragut Parkway','Azteca',496756,'Tamaulipas','Mexico',14,134,4840,1414,'Unpaid'),('ORDER084','CUST380',NULL,'TRANS084','SHIPPER049','Delivered','2019-12-19','2022-10-08',290,'3747 Ryan Circle','Dubu',439100,NULL,'China',17,147,297,1487,'Paid'),('ORDER085','CUST235','COU080','TRANS085','SHIPPER004','Delivered','2016-05-23','2020-05-08',295,'47 Fremont Plaza','Nanhe',339871,NULL,'China',4,151,900,2256,'Refunded'),('ORDER086','CUST407',NULL,'TRANS086','SHIPPER092','Delivered','2021-04-03','2021-09-08',221,'128 Arrowood Hill','Gardz',517704,NULL,'Afghanistan',18,185,7763,1409,'Paid'),('ORDER087','CUST478',NULL,'TRANS087','SHIPPER039','Processed','2015-01-09','2022-11-16',80,'5887 Monica Lane','Esperantina',110849,NULL,'Brazil',7,27,1752,5698,'Paid'),('ORDER088','CUST397','COU092','TRANS088','SHIPPER039','Processed','2017-11-08','2017-05-11',257,'7735 Oak Junction','Gislaved',559689,'Jnkping','Sweden',9,189,7150,8563,'Paid'),('ORDER089','CUST120','COU058','TRANS089','SHIPPER052','Delivered','2017-07-20','2015-02-08',45,'15259 Luster Trail','Nanlin',381862,NULL,'China',11,95,5460,2511,'Unpaid'),('ORDER090','CUST064','COU065','TRANS090','SHIPPER002','Dispatched','2019-03-18','2022-04-09',106,'0020 Kinsman Avenue','Linkping',149154,'stergtland','Sweden',17,160,5769,8582,'Paid'),('ORDER091','CUST226','COU016','TRANS091','SHIPPER005','Delivered','2018-12-07','2021-03-12',74,'3428 Lakewood Gardens Avenue','Puerto Rico',553331,NULL,'Argentina',3,14,1370,7746,'Refunded'),('ORDER092','CUST130','COU031','TRANS092','SHIPPER078','Processed','2018-03-14','2019-04-23',182,'322 School Park','Ludvika',441756,'Dalarna','Sweden',4,115,7089,235,'Unpaid'),('ORDER093','CUST019',NULL,'TRANS093','SHIPPER093','Delivered','2016-07-03','2016-07-05',266,'8 Bowman Road','Yangqing',310214,NULL,'China',17,160,3913,1514,'Unpaid'),('ORDER094','CUST410',NULL,'TRANS094','SHIPPER022','Dispatched','2021-01-26','2018-03-13',89,'792 Lotheville Center','El Mirador',358174,'Chiapas','Mexico',3,87,1279,10305,'Unpaid'),('ORDER095','CUST055',NULL,'TRANS095','SHIPPER082','Dispatched','2015-08-10','2022-09-24',191,'339 North Court','Igreja',264965,'Viana do Castelo','Portugal',7,32,1826,1022,'Refunded'),('ORDER096','CUST489',NULL,'TRANS096','SHIPPER013','Processed','2016-01-26','2015-03-03',70,'3081 Red Cloud Lane','Lkhaio',339734,NULL,'Greece',8,84,5877,335,'Refunded'),('ORDER097','CUST219','COU075','TRANS097','SHIPPER021','Delivered','2015-01-08','2021-06-02',5,'3897 High Crossing Pass','Gagarin',148099,NULL,'Armenia',4,23,6553,10517,'Refunded'),('ORDER098','CUST213','COU070','TRANS098','SHIPPER040','Delivered','2016-09-27','2017-10-11',99,'2673 Westridge Hill','Curitibanos',377747,NULL,'Brazil',6,166,8760,7303,'Paid'),('ORDER099','CUST322',NULL,'TRANS099','SHIPPER028','Dispatched','2016-05-07','2020-01-12',275,'8 Vidon Center','Haiyang',409507,NULL,'China',15,157,3275,1258,'Refunded'),('ORDER100','CUST057','COU079','TRANS100','SHIPPER085','Processed','2020-09-26','2019-11-28',56,'2433 Emmet Drive','Krapivna',403217,NULL,'Russia',18,142,2219,4955,'Refunded'),('ORDER101','CUST272','COU051','TRANS101','SHIPPER006','Dispatched','2021-08-09','2022-10-23',166,'118 Corry Avenue','Pigcawayan',373319,NULL,'Philippines',1,13,1519,4672,'Unpaid'),('ORDER102','CUST344','COU089','TRANS102','SHIPPER066','Processed','2017-12-31','2017-11-27',209,'6846 Hermina Road','Mankoeng',410465,NULL,'South Africa',3,175,1909,1126,'Unpaid'),('ORDER103','CUST053',NULL,'TRANS103','SHIPPER066','Delivered','2022-05-11','2016-09-12',10,'9 Duke Parkway','Caikouji',206702,NULL,'China',13,195,3894,5222,'Paid'),('ORDER104','CUST306','COU088','TRANS104','SHIPPER089','Dispatched','2017-04-06','2018-01-26',112,'9755 Onsgard Avenue','Koubia',277748,NULL,'Guinea',12,141,1551,10823,'Paid'),('ORDER105','CUST216',NULL,'TRANS105','SHIPPER073','Dispatched','2017-06-13','2016-09-27',66,'2 Karstens Park','Porsgrunn',573732,'Telemark','Norway',3,19,1430,7523,'Paid'),('ORDER106','CUST410','COU022','TRANS106','SHIPPER094','Delivered','2017-02-28','2016-01-20',127,'40849 Oak Valley Pass','Jiangwan',149169,NULL,'China',7,27,542,9528,'Paid'),('ORDER107','CUST118',NULL,'TRANS107','SHIPPER093','Dispatched','2019-09-25','2017-07-17',75,'13254 East Alley','Emiliano Zapata',528064,'Veracruz Llave','Mexico',6,23,8282,4582,'Unpaid'),('ORDER108','CUST498','COU023','TRANS108','SHIPPER092','Delivered','2018-01-26','2022-07-12',11,'4 Old Gate Circle','Tvrdonice',183122,NULL,'Czech Republic',15,85,7049,7301,'Unpaid'),('ORDER109','CUST356','COU037','TRANS109','SHIPPER044','Processed','2017-01-30','2020-12-06',153,'4432 Moland Street','Chra',304442,NULL,'Greece',15,185,7329,2678,'Unpaid'),('ORDER110','CUST244','COU059','TRANS110','SHIPPER023','Processed','2015-02-14','2016-11-28',94,'03255 Brentwood Way','Shancheng',406506,NULL,'China',6,168,971,5529,'Paid'),('ORDER111','CUST372','COU015','TRANS111','SHIPPER019','Dispatched','2017-04-06','2016-06-06',281,'62585 Hazelcrest Parkway','Mesa',473060,'Arizona','United States',5,55,4299,7538,'Refunded'),('ORDER112','CUST408','COU057','TRANS112','SHIPPER073','Delivered','2019-03-25','2019-03-18',261,'944 Little Fleur Junction','Nubl',594195,NULL,'Syria',14,155,2818,8645,'Paid'),('ORDER113','CUST223',NULL,'TRANS113','SHIPPER019','Delivered','2015-08-08','2018-05-26',290,'42362 Lindbergh Parkway','Chone',183242,NULL,'Ecuador',4,16,7963,5991,'Refunded'),('ORDER114','CUST272','COU050','TRANS114','SHIPPER091','Delivered','2019-05-07','2017-10-10',111,'4 Ramsey Crossing','Erdaohe',546651,NULL,'China',5,145,4571,2731,'Paid'),('ORDER115','CUST463','COU020','TRANS115','SHIPPER009','Delivered','2021-10-17','2022-05-11',26,'95034 Pawling Lane','Youfang',159911,NULL,'China',11,127,1756,8720,'Refunded'),('ORDER116','CUST244',NULL,'TRANS116','SHIPPER084','Dispatched','2016-10-18','2017-06-11',114,'09834 Farragut Parkway','Krasnomayskiy',223961,NULL,'Russia',11,160,3177,10194,'Unpaid'),('ORDER117','CUST350',NULL,'TRANS117','SHIPPER074','Delivered','2020-01-13','2017-05-05',15,'862 6th Court','Tullinge',519830,'Stockholm','Sweden',15,140,5491,1780,'Paid'),('ORDER118','CUST052',NULL,'TRANS118','SHIPPER075','Processed','2017-01-27','2021-02-02',132,'26 Union Avenue','Lindome',442860,'Vstra Gtaland','Sweden',4,27,7551,2544,'Refunded'),('ORDER119','CUST489',NULL,'TRANS119','SHIPPER051','Delivered','2017-09-14','2015-12-30',287,'29 Sunnyside Hill','Gongping',142888,NULL,'China',15,142,9479,9785,'Paid'),('ORDER120','CUST202',NULL,'TRANS120','SHIPPER100','Processed','2018-01-05','2018-02-02',107,'31 Coolidge Park','Nakamura',524971,NULL,'Japan',6,7,6826,6168,'Unpaid'),('ORDER121','CUST045','COU022','TRANS121','SHIPPER096','Delivered','2016-08-31','2020-05-09',43,'871 Charing Cross Pass','Talovyy',520657,NULL,'Russia',8,139,3076,8603,'Paid'),('ORDER122','CUST193','COU087','TRANS122','SHIPPER040','Processed','2019-10-19','2017-05-31',26,'9581 Crest Line Plaza','Koronadal',238676,NULL,'Philippines',9,46,2712,6280,'Paid'),('ORDER123','CUST473',NULL,'TRANS123','SHIPPER051','Processed','2022-11-20','2015-02-10',174,'7 Arkansas Hill','Garahan',425053,NULL,'Indonesia',5,190,6112,7479,'Refunded'),('ORDER124','CUST193',NULL,'TRANS124','SHIPPER064','Processed','2019-02-07','2016-08-21',221,'8 Talisman Pass','Khorostkiv',454981,NULL,'Ukraine',16,0,5251,4627,'Paid'),('ORDER125','CUST128',NULL,'TRANS125','SHIPPER056','Processed','2019-05-28','2017-12-20',55,'869 Novick Way','Foumban',498979,NULL,'Cameroon',0,192,4688,9049,'Paid'),('ORDER126','CUST209',NULL,'TRANS126','SHIPPER068','Delivered','2022-02-06','2021-05-24',255,'339 2nd Place','Burrel',401157,NULL,'Albania',17,143,2175,4208,'Refunded'),('ORDER127','CUST060',NULL,'TRANS127','SHIPPER013','Dispatched','2020-05-23','2022-03-26',11,'27 Golf Circle','Yushan',511335,NULL,'China',7,133,5975,7840,'Refunded'),('ORDER128','CUST244','COU065','TRANS128','SHIPPER045','Processed','2017-07-01','2021-06-13',201,'79 Lukken Terrace','Soe',330092,NULL,'Indonesia',11,15,5816,7331,'Paid'),('ORDER129','CUST333','COU081','TRANS129','SHIPPER049','Dispatched','2020-11-10','2021-12-15',65,'594 Thierer Road','Matamey',136137,NULL,'Niger',14,68,3501,5671,'Unpaid'),('ORDER130','CUST422',NULL,'TRANS130','SHIPPER059','Delivered','2016-04-23','2020-02-29',252,'2111 Arrowood Center','Agoo',531406,NULL,'Philippines',16,144,6882,6355,'Refunded'),('ORDER131','CUST479','COU096','TRANS131','SHIPPER009','Delivered','2021-02-27','2019-09-18',85,'9075 Daystar Terrace','Pnormos',543664,NULL,'Greece',16,120,2765,4851,'Unpaid'),('ORDER132','CUST358',NULL,'TRANS132','SHIPPER007','Dispatched','2022-11-01','2017-11-08',25,'3599 Buell Pass','Alibago',179030,NULL,'Philippines',13,12,9342,7577,'Paid'),('ORDER133','CUST286','COU065','TRANS133','SHIPPER038','Processed','2019-06-01','2022-11-24',81,'5 Northport Lane','Anton',145214,NULL,'Bulgaria',3,36,9508,9484,'Refunded'),('ORDER134','CUST395',NULL,'TRANS134','SHIPPER095','Processed','2015-02-06','2016-11-18',140,'5 Goodland Court','Qurah',551923,NULL,'Palestinian Territory',16,18,8549,3885,'Unpaid'),('ORDER135','CUST428','COU014','TRANS135','SHIPPER065','Dispatched','2020-12-20','2022-01-30',137,'138 Eastwood Trail','Taihe Chengguanzhen',454314,NULL,'China',5,45,6706,7141,'Unpaid'),('ORDER136','CUST412',NULL,'TRANS136','SHIPPER087','Delivered','2022-02-14','2015-11-21',143,'96 Mcbride Park','Santo Tomas',442922,NULL,'Philippines',15,53,3146,8638,'Refunded'),('ORDER137','CUST132','COU041','TRANS137','SHIPPER013','Dispatched','2021-12-23','2018-11-16',214,'65 Novick Pass','Kuhmoinen',263094,NULL,'Finland',9,109,2569,5472,'Paid'),('ORDER138','CUST104','COU032','TRANS138','SHIPPER078','Dispatched','2015-05-12','2015-07-18',99,'064 Stoughton Place','Basyn',533051,NULL,'Egypt',17,118,7468,4385,'Paid'),('ORDER139','CUST386',NULL,'TRANS139','SHIPPER036','Dispatched','2020-10-29','2015-02-01',189,'7985 Buell Circle','So Pedro de Muel',257052,'Leiria','Portugal',0,93,9450,1437,'Paid'),('ORDER140','CUST182','COU076','TRANS140','SHIPPER012','Processed','2016-01-12','2022-02-23',57,'4 Warbler Lane','Cabalawan',468114,NULL,'Philippines',8,61,4836,7372,'Paid'),('ORDER141','CUST344','COU014','TRANS141','SHIPPER009','Delivered','2016-08-09','2021-01-06',49,'62 Crescent Oaks Junction','Miracema',282684,NULL,'Brazil',14,153,8146,7744,'Unpaid'),('ORDER142','CUST178',NULL,'TRANS142','SHIPPER066','Processed','2018-08-25','2015-09-27',274,'670 Warbler Center','Cordova',561614,NULL,'Philippines',17,130,5317,4788,'Paid'),('ORDER143','CUST307','COU090','TRANS143','SHIPPER075','Processed','2017-03-04','2022-04-04',41,'6812 Memorial Trail','Hrotovice',593068,NULL,'Czech Republic',10,106,8072,1490,'Paid'),('ORDER144','CUST220','COU072','TRANS144','SHIPPER023','Dispatched','2021-04-15','2018-10-28',221,'547 Fulton Plaza','Grybw',374207,NULL,'Poland',2,47,6413,9716,'Refunded'),('ORDER145','CUST244','COU020','TRANS145','SHIPPER061','Dispatched','2021-04-29','2015-08-23',125,'4555 Nova Way','Kokar',139343,NULL,'Indonesia',2,38,6083,9667,'Refunded'),('ORDER146','CUST097','COU061','TRANS146','SHIPPER045','Processed','2022-11-24','2018-08-02',185,'36173 Maple Wood Street','Aravisss',216930,NULL,'Greece',16,182,3692,1118,'Refunded'),('ORDER147','CUST360',NULL,'TRANS147','SHIPPER038','Dispatched','2020-02-02','2020-01-04',36,'47166 Eliot Way','Ganfang',334273,NULL,'China',15,177,1115,9541,'Unpaid'),('ORDER148','CUST405',NULL,'TRANS148','SHIPPER077','Dispatched','2021-02-11','2019-07-22',139,'188 Morrow Junction','Okuta',528148,NULL,'Nigeria',11,113,1217,6785,'Paid'),('ORDER149','CUST079',NULL,'TRANS149','SHIPPER012','Delivered','2015-07-28','2017-06-14',137,'52 Lighthouse Bay Way','Santai',137806,NULL,'China',15,14,977,10393,'Paid'),('ORDER150','CUST388',NULL,'TRANS150','SHIPPER083','Processed','2017-03-15','2018-06-08',127,'46 Gerald Trail','Columbeira',271419,'Leiria','Portugal',9,61,2876,3123,'Unpaid'),('ORDER151','CUST388',NULL,'TRANS151','SHIPPER024','Delivered','2020-06-19','2022-09-19',49,'6 Warner Trail','Nova Viosa',380154,NULL,'Brazil',11,50,7042,18,'Unpaid'),('ORDER152','CUST399',NULL,'TRANS152','SHIPPER091','Dispatched','2018-09-06','2022-01-15',248,'4 Chive Alley','Bastia',191945,'Corse','France',8,2,6929,9698,'Unpaid'),('ORDER153','CUST038','COU019','TRANS153','SHIPPER085','Delivered','2018-09-30','2019-05-31',268,'86544 Almo Hill','Sengeti',450032,NULL,'Indonesia',15,63,4288,6629,'Paid'),('ORDER154','CUST154',NULL,'TRANS154','SHIPPER049','Dispatched','2015-08-09','2017-03-08',173,'4538 Elka Street','London',445888,'England','United Kingdom',5,5,6408,10866,'Paid'),('ORDER155','CUST225','COU083','TRANS155','SHIPPER099','Processed','2017-12-03','2017-04-19',46,'4155 Lakeland Way','Mosrentgen',305837,NULL,'Russia',12,8,9533,9445,'Unpaid'),('ORDER156','CUST387','COU071','TRANS156','SHIPPER012','Dispatched','2015-09-21','2018-10-30',285,'84 Thierer Plaza','Xiluo',278598,NULL,'China',10,107,4820,7286,'Paid'),('ORDER157','CUST248',NULL,'TRANS157','SHIPPER082','Dispatched','2020-12-20','2020-01-30',33,'82186 Sheridan Junction','Bertioga',211359,NULL,'Brazil',13,116,91,2228,'Refunded'),('ORDER158','CUST134','COU080','TRANS158','SHIPPER069','Dispatched','2017-11-25','2021-12-02',267,'639 Summit Alley','Quisao',209583,NULL,'Philippines',13,10,9140,10889,'Unpaid'),('ORDER159','CUST211',NULL,'TRANS159','SHIPPER046','Dispatched','2021-10-30','2019-01-17',28,'572 Sheridan Alley','Zhuangke',448820,NULL,'China',13,124,3738,8158,'Refunded'),('ORDER160','CUST293','COU058','TRANS160','SHIPPER033','Processed','2016-05-13','2022-07-01',276,'167 Kipling Junction','Drammen',156601,'Buskerud','Norway',15,64,928,9373,'Refunded'),('ORDER161','CUST482',NULL,'TRANS161','SHIPPER025','Processed','2018-07-14','2015-07-01',17,'643 Rigney Circle','Pingxiang',485840,NULL,'China',4,150,385,10510,'Refunded'),('ORDER162','CUST202',NULL,'TRANS162','SHIPPER022','Processed','2016-11-17','2016-07-28',270,'8 Ronald Regan Lane','Caohezhang',274093,NULL,'China',16,180,6041,8193,'Refunded'),('ORDER163','CUST156','COU081','TRANS163','SHIPPER054','Dispatched','2020-08-21','2019-05-10',295,'605 Carioca Parkway','Jaa Tomi',237399,NULL,'Serbia',16,190,4459,8500,'Refunded'),('ORDER164','CUST112','COU034','TRANS164','SHIPPER020','Dispatched','2022-03-04','2019-05-10',32,'21191 Myrtle Circle','Handaqi',264981,NULL,'China',12,1,2199,5836,'Refunded'),('ORDER165','CUST484','COU091','TRANS165','SHIPPER016','Processed','2015-01-20','2018-02-13',165,'141 Gateway Plaza','Taipingchuan',247417,NULL,'China',0,194,7311,1082,'Paid'),('ORDER166','CUST090','COU048','TRANS166','SHIPPER024','Delivered','2016-08-08','2017-02-11',260,'966 Nova Park','Albad',501379,NULL,'Pakistan',1,178,1084,4359,'Refunded'),('ORDER167','CUST230',NULL,'TRANS167','SHIPPER074','Processed','2021-04-13','2020-12-31',96,'11291 Lakewood Pass','Banjar Pangkungtibah Selatan',263892,NULL,'Indonesia',3,85,748,2454,'Unpaid'),('ORDER168','CUST136','COU019','TRANS168','SHIPPER001','Delivered','2021-09-25','2018-12-14',212,'12127 Hoard Park','La Calera',266135,NULL,'Argentina',7,25,5770,756,'Refunded'),('ORDER169','CUST178','COU092','TRANS169','SHIPPER061','Dispatched','2020-06-14','2016-11-15',40,'1 Truax Park','Nagpandayan',472033,NULL,'Philippines',5,164,7818,4409,'Paid'),('ORDER170','CUST460','COU090','TRANS170','SHIPPER034','Processed','2019-04-25','2019-05-14',39,'7581 Glacier Hill Junction','Curuman',237392,NULL,'Colombia',8,1,8949,10222,'Refunded'),('ORDER171','CUST201',NULL,'TRANS171','SHIPPER026','Processed','2018-06-06','2022-07-21',264,'971 Gulseth Alley','Saint Petersburg',566983,'Florida','United States',18,130,7456,6983,'Refunded'),('ORDER172','CUST389',NULL,'TRANS172','SHIPPER016','Delivered','2021-05-14','2019-05-14',136,'80947 Claremont Terrace','Ban Chang',116328,NULL,'Thailand',18,132,2457,9177,'Refunded'),('ORDER173','CUST172','COU020','TRANS173','SHIPPER037','Processed','2021-08-29','2020-05-09',137,'0 Dapin Center','Cijambe',578133,NULL,'Indonesia',15,54,8021,145,'Unpaid'),('ORDER174','CUST194','COU076','TRANS174','SHIPPER089','Dispatched','2018-04-09','2016-11-01',71,'03377 Forest Point','Gongjiang',585215,NULL,'China',0,107,7451,5683,'Paid'),('ORDER175','CUST341',NULL,'TRANS175','SHIPPER032','Dispatched','2017-09-07','2017-11-20',145,'8 Annamark Trail','Juxing',459459,NULL,'China',16,67,6201,6419,'Unpaid'),('ORDER176','CUST411',NULL,'TRANS176','SHIPPER001','Processed','2022-02-01','2019-02-17',158,'66 Myrtle Place','Tripoli',324082,NULL,'Libya',13,124,3954,5485,'Unpaid'),('ORDER177','CUST321','COU093','TRANS177','SHIPPER089','Dispatched','2020-09-23','2016-11-25',213,'60642 Monument Center','Sutysky',210201,NULL,'Ukraine',15,67,7675,10795,'Refunded'),('ORDER178','CUST334',NULL,'TRANS178','SHIPPER058','Processed','2017-11-30','2020-05-28',11,'9854 Raven Circle','Rengo',593887,NULL,'Chile',6,75,1508,8272,'Refunded'),('ORDER179','CUST158','COU088','TRANS179','SHIPPER093','Dispatched','2021-04-25','2015-01-28',105,'3351 Clyde Gallagher Point','Ganjiachang',193998,NULL,'China',2,129,6632,6649,'Paid'),('ORDER180','CUST149','COU095','TRANS180','SHIPPER067','Processed','2020-08-21','2015-04-15',274,'8163 Nova Terrace','Bachaquero',215052,NULL,'Venezuela',15,159,894,5369,'Refunded'),('ORDER181','CUST248',NULL,'TRANS181','SHIPPER026','Processed','2016-08-05','2018-01-27',55,'8 Thackeray Place','Tembayangan Barat',240545,NULL,'Indonesia',18,88,802,10453,'Paid'),('ORDER182','CUST488',NULL,'TRANS182','SHIPPER014','Dispatched','2015-01-19','2015-06-10',223,'2 Garrison Alley','Sampir',574296,NULL,'Indonesia',6,163,5870,7482,'Refunded'),('ORDER183','CUST229',NULL,'TRANS183','SHIPPER037','Delivered','2017-11-12','2018-06-15',118,'1 Holmberg Terrace','Ambian',296253,NULL,'Indonesia',16,9,4835,10655,'Paid'),('ORDER184','CUST039',NULL,'TRANS184','SHIPPER040','Dispatched','2021-03-29','2020-12-12',255,'22883 Lakewood Trail','Mikhaylov',411053,NULL,'Russia',16,129,6762,5902,'Paid'),('ORDER185','CUST459','COU016','TRANS185','SHIPPER013','Processed','2018-09-11','2015-01-28',60,'38451 Lukken Place','Chongwen',280215,NULL,'China',3,145,7875,268,'Unpaid'),('ORDER186','CUST474','COU097','TRANS186','SHIPPER059','Dispatched','2018-02-15','2018-11-20',205,'310 Merchant Park','Ganting',211489,NULL,'China',7,151,7394,8344,'Paid'),('ORDER187','CUST236',NULL,'TRANS187','SHIPPER091','Delivered','2019-03-15','2015-11-15',59,'11 Milwaukee Drive','Karang',148662,NULL,'Indonesia',0,85,7873,7635,'Paid'),('ORDER188','CUST250',NULL,'TRANS188','SHIPPER020','Processed','2021-07-30','2016-08-28',216,'3 Maple Circle','Qalqaman',230647,NULL,'Kazakhstan',0,97,8030,492,'Paid'),('ORDER189','CUST193','COU025','TRANS189','SHIPPER058','Processed','2018-05-04','2015-08-16',139,'790 Jackson Terrace','Santo Antnio de Jesus',352297,NULL,'Brazil',17,168,3510,9952,'Refunded'),('ORDER190','CUST314','COU022','TRANS190','SHIPPER053','Dispatched','2018-04-03','2022-06-24',201,'695 Barby Hill','Bulgan',475304,NULL,'Mongolia',0,68,8672,171,'Paid'),('ORDER191','CUST397','COU042','TRANS191','SHIPPER046','Processed','2016-05-15','2017-03-19',160,'10375 Pankratz Street','Sokolnice',524818,NULL,'Czech Republic',9,89,5342,3410,'Unpaid'),('ORDER192','CUST311',NULL,'TRANS192','SHIPPER067','Dispatched','2018-02-04','2016-11-15',148,'8866 Arizona Parkway','Alingss',450140,'Vstra Gtaland','Sweden',7,132,588,4297,'Refunded'),('ORDER193','CUST330',NULL,'TRANS193','SHIPPER040','Dispatched','2020-02-05','2019-10-02',173,'4289 Briar Crest Circle','Derbur',123800,NULL,'China',1,86,1498,320,'Paid'),('ORDER194','CUST182','COU001','TRANS194','SHIPPER001','Processed','2021-07-31','2015-11-08',81,'67 Warrior Drive','Weru',383824,NULL,'Indonesia',18,141,7465,8830,'Refunded'),('ORDER195','CUST397','COU021','TRANS195','SHIPPER068','Dispatched','2022-05-16','2020-01-16',157,'6 Ridge Oak Street','Sishilichengzi',164904,NULL,'China',18,132,7496,7164,'Paid'),('ORDER196','CUST328',NULL,'TRANS196','SHIPPER008','Delivered','2020-08-06','2015-05-17',161,'164 Stuart Crossing','Navashino',311540,NULL,'Russia',0,177,4747,1977,'Unpaid'),('ORDER197','CUST028',NULL,'TRANS197','SHIPPER033','Delivered','2016-08-25','2021-03-29',42,'1427 Oakridge Terrace','Pasiragung',114630,NULL,'Indonesia',11,73,6844,5916,'Unpaid'),('ORDER198','CUST051',NULL,'TRANS198','SHIPPER056','Processed','2016-01-09','2018-01-16',33,'86 Canary Trail','Sarzedo',238603,'Coimbra','Portugal',10,59,6690,3144,'Refunded'),('ORDER199','CUST486',NULL,'TRANS199','SHIPPER093','Processed','2015-04-14','2015-10-11',274,'98 Hagan Hill','Hushan',184754,NULL,'China',16,21,4396,8145,'Unpaid'),('ORDER200','CUST180','COU069','TRANS200','SHIPPER005','Delivered','2019-01-15','2021-08-04',222,'900 Carpenter Place','Ravne',304287,NULL,'Slovenia',16,98,7759,9967,'Paid'),('ORDER201','CUST266',NULL,'TRANS201','SHIPPER089','Dispatched','2015-12-25','2021-12-24',293,'85104 Little Fleur Junction','Ghormach',290067,NULL,'Afghanistan',14,123,7034,6235,'Paid'),('ORDER202','CUST206',NULL,'TRANS202','SHIPPER051','Delivered','2018-08-07','2022-03-12',283,'4 Summer Ridge Terrace','Yangdang',272181,NULL,'China',2,106,7484,2113,'Paid'),('ORDER203','CUST270',NULL,'TRANS203','SHIPPER055','Dispatched','2022-01-25','2018-12-04',185,'1720 Huxley Street','Niort',509791,'Poitou-Charentes','France',3,131,6840,4493,'Paid'),('ORDER204','CUST424','COU029','TRANS204','SHIPPER022','Processed','2015-04-13','2017-06-26',126,'841 Oak Way','Anwen',445551,NULL,'China',18,26,9722,6632,'Unpaid'),('ORDER205','CUST045',NULL,'TRANS205','SHIPPER060','Dispatched','2018-08-28','2015-01-29',237,'92 New Castle Road','Gvle',299352,'Gvleborg','Sweden',5,28,5234,4095,'Refunded'),('ORDER206','CUST249','COU010','TRANS206','SHIPPER074','Delivered','2015-03-06','2019-09-11',132,'63 Towne Junction','Besao',407796,NULL,'Philippines',17,17,4391,6654,'Unpaid'),('ORDER207','CUST152','COU009','TRANS207','SHIPPER080','Processed','2016-12-24','2017-01-02',215,'69 Mitchell Parkway','Jaciara',499685,NULL,'Brazil',12,142,4518,8338,'Paid'),('ORDER208','CUST241',NULL,'TRANS208','SHIPPER077','Processed','2018-03-31','2018-02-02',296,'9084 Fuller Way','Matagami',507113,'Qubec','Canada',2,21,8223,2129,'Paid'),('ORDER209','CUST235',NULL,'TRANS209','SHIPPER056','Dispatched','2022-09-22','2017-01-17',246,'809 Mandrake Junction','Suna',166952,NULL,'Russia',12,13,7296,9328,'Unpaid'),('ORDER210','CUST404','COU031','TRANS210','SHIPPER093','Processed','2021-06-23','2022-06-19',169,'1350 Northland Trail','Ilha Solteira',512620,NULL,'Brazil',11,137,7136,5364,'Refunded'),('ORDER211','CUST447','COU049','TRANS211','SHIPPER011','Delivered','2015-11-02','2017-04-05',84,'6999 Clemons Avenue','Singgugu',233010,NULL,'Indonesia',2,21,9751,2318,'Refunded'),('ORDER212','CUST065','COU018','TRANS212','SHIPPER013','Delivered','2020-05-13','2017-12-15',268,'016 Roth Parkway','Duri',107450,NULL,'Indonesia',7,9,1251,148,'Paid'),('ORDER213','CUST275',NULL,'TRANS213','SHIPPER031','Dispatched','2021-10-25','2020-09-23',81,'52838 Upham Terrace','Vila Real de Santo Antnio',106649,'Faro','Portugal',9,88,8865,3336,'Unpaid'),('ORDER214','CUST014',NULL,'TRANS214','SHIPPER050','Processed','2018-03-23','2021-02-04',192,'57181 Melvin Pass','Yeliguan',414056,NULL,'China',3,43,3656,8887,'Paid'),('ORDER215','CUST105',NULL,'TRANS215','SHIPPER084','Processed','2020-09-08','2022-03-26',157,'9 1st Drive','So Pedro',475204,'Coimbra','Portugal',15,80,3473,4262,'Unpaid'),('ORDER216','CUST497','COU009','TRANS216','SHIPPER008','Processed','2020-12-18','2016-06-18',37,'61 Roth Hill','Gavarr',406335,NULL,'Armenia',13,34,8615,7868,'Refunded'),('ORDER217','CUST026','COU039','TRANS217','SHIPPER031','Delivered','2018-11-23','2017-05-24',280,'20 Goodland Terrace','Dadong',189311,NULL,'China',6,6,7941,3528,'Unpaid'),('ORDER218','CUST206','COU067','TRANS218','SHIPPER018','Processed','2022-01-21','2019-07-25',151,'07135 Nevada Way','Dobryatino',500824,NULL,'Russia',13,161,8164,8072,'Paid'),('ORDER219','CUST152','COU027','TRANS219','SHIPPER021','Dispatched','2022-04-12','2021-05-20',215,'5 Union Road','Chuncheon',305084,NULL,'South Korea',2,138,4171,655,'Paid'),('ORDER220','CUST170',NULL,'TRANS220','SHIPPER028','Processed','2017-07-27','2015-03-23',118,'4 Cordelia Crossing','Mashui',551622,NULL,'China',10,133,7268,8715,'Paid'),('ORDER221','CUST099',NULL,'TRANS221','SHIPPER011','Processed','2022-11-11','2019-03-24',163,'684 Goodland Court','Siemkowice',392281,NULL,'Poland',14,136,6731,8019,'Unpaid'),('ORDER222','CUST162','COU006','TRANS222','SHIPPER055','Processed','2022-09-21','2015-05-22',39,'74 Hanson Drive','Tubod',296788,NULL,'Philippines',8,81,2122,668,'Refunded'),('ORDER223','CUST071',NULL,'TRANS223','SHIPPER017','Processed','2022-06-26','2017-04-16',133,'0978 Utah Park','Sidi Bousber',501675,NULL,'Morocco',15,164,7083,7492,'Paid'),('ORDER224','CUST247','COU012','TRANS224','SHIPPER052','Delivered','2018-01-24','2018-04-27',127,'81 Summerview Lane','Cinaga de Oro',507669,NULL,'Colombia',18,124,9184,9864,'Paid'),('ORDER225','CUST255',NULL,'TRANS225','SHIPPER013','Delivered','2019-12-15','2015-03-28',17,'30860 Norway Maple Trail','Shunling',108615,NULL,'China',1,38,1971,502,'Refunded'),('ORDER226','CUST042',NULL,'TRANS226','SHIPPER014','Processed','2020-04-16','2018-12-11',41,'39814 Kennedy Parkway','Catungawan Sur',334602,NULL,'Philippines',4,145,3663,8592,'Unpaid'),('ORDER227','CUST338',NULL,'TRANS227','SHIPPER017','Processed','2020-03-03','2022-10-13',9,'445 Weeping Birch Crossing','Kedungreja',555753,NULL,'Indonesia',9,196,4505,8894,'Refunded'),('ORDER228','CUST289',NULL,'TRANS228','SHIPPER093','Delivered','2020-11-23','2022-09-08',155,'35 Blackbird Terrace','Liuzuo',413229,NULL,'China',14,168,8282,4068,'Refunded'),('ORDER229','CUST292','COU044','TRANS229','SHIPPER030','Dispatched','2016-07-16','2015-04-04',172,'8334 Ronald Regan Crossing','Renhe',109037,NULL,'China',16,179,2255,3499,'Refunded'),('ORDER230','CUST264',NULL,'TRANS230','SHIPPER011','Delivered','2020-07-16','2015-05-31',202,'0801 Farmco Court','La Romana',496988,NULL,'Dominican Republic',2,8,6494,11000,'Refunded'),('ORDER231','CUST402',NULL,'TRANS231','SHIPPER047','Dispatched','2020-12-12','2015-11-25',67,'60884 Holy Cross Park','Greenville',379485,NULL,'Liberia',13,134,7357,2104,'Refunded'),('ORDER232','CUST272','COU087','TRANS232','SHIPPER019','Processed','2020-06-03','2019-04-07',211,'6 Del Mar Parkway','Bom Jesus da Lapa',250965,NULL,'Brazil',9,20,593,2199,'Unpaid'),('ORDER233','CUST342',NULL,'TRANS233','SHIPPER029','Processed','2019-03-26','2016-02-07',212,'602 Huxley Pass','Novyye Kuzminki',525565,NULL,'Russia',2,0,1123,3069,'Unpaid'),('ORDER234','CUST112',NULL,'TRANS234','SHIPPER058','Processed','2021-04-01','2016-08-07',237,'52170 Miller Trail','Thanatpin',218525,NULL,'Myanmar',6,141,2703,1215,'Refunded'),('ORDER235','CUST155','COU051','TRANS235','SHIPPER030','Dispatched','2020-06-04','2021-07-29',262,'17421 Fuller Street','Troparvo',522560,NULL,'Russia',14,170,231,2078,'Paid'),('ORDER236','CUST189','COU031','TRANS236','SHIPPER092','Processed','2020-03-27','2015-03-23',201,'67867 Oriole Place','Maikawada',540672,NULL,'Indonesia',17,194,3324,5398,'Unpaid'),('ORDER237','CUST402',NULL,'TRANS237','SHIPPER040','Delivered','2016-02-14','2019-05-09',60,'6 Thackeray Street','Budy',471317,NULL,'Ukraine',6,137,5081,2170,'Paid'),('ORDER238','CUST480','COU035','TRANS238','SHIPPER070','Processed','2016-07-30','2015-05-30',253,'1249 Mallard Pass','20 de Noviembre',494493,'Veracruz Llave','Mexico',18,155,3099,6589,'Unpaid'),('ORDER239','CUST462','COU038','TRANS239','SHIPPER023','Delivered','2019-01-04','2018-12-21',155,'4 Riverside Hill','Carriedo',246474,NULL,'Philippines',5,163,7802,6997,'Refunded'),('ORDER240','CUST125',NULL,'TRANS240','SHIPPER019','Dispatched','2018-08-06','2018-07-23',28,'042 Daystar Park','mponas',483355,NULL,'Greece',6,13,9603,3022,'Paid'),('ORDER241','CUST489','COU061','TRANS241','SHIPPER064','Dispatched','2021-02-20','2017-08-04',119,'07 Montana Avenue','Fengyang',457833,NULL,'China',12,21,2012,6309,'Refunded'),('ORDER242','CUST207',NULL,'TRANS242','SHIPPER097','Delivered','2016-06-17','2022-09-28',160,'56979 Ilene Lane','Saravia',579614,NULL,'Philippines',9,196,6456,9984,'Refunded'),('ORDER243','CUST185',NULL,'TRANS243','SHIPPER023','Delivered','2019-06-27','2021-11-17',282,'72 Warrior Avenue','Ciputih',379939,NULL,'Indonesia',10,134,7940,4006,'Unpaid'),('ORDER244','CUST308','COU081','TRANS244','SHIPPER004','Delivered','2021-02-11','2015-02-22',265,'90066 Nova Circle','Jadw',319694,NULL,'Poland',1,30,6467,4267,'Paid'),('ORDER245','CUST155',NULL,'TRANS245','SHIPPER003','Delivered','2016-12-09','2021-03-20',292,'1 Bashford Junction','Puntarenas',390330,NULL,'Costa Rica',3,56,4679,10075,'Unpaid'),('ORDER246','CUST103',NULL,'TRANS246','SHIPPER081','Processed','2018-11-09','2015-12-25',34,'13 International Court','Al umaydt',360309,NULL,'Yemen',11,89,3156,7552,'Unpaid'),('ORDER247','CUST259',NULL,'TRANS247','SHIPPER082','Delivered','2016-02-02','2017-09-29',261,'812 Fuller Alley','Atlanta',360198,'Georgia','United States',3,192,6607,5818,'Unpaid'),('ORDER248','CUST346',NULL,'TRANS248','SHIPPER082','Delivered','2018-07-25','2020-11-04',248,'18328 Waywood Hill','Matigus',420520,NULL,'Nicaragua',6,31,6497,7114,'Unpaid'),('ORDER249','CUST185','COU081','TRANS249','SHIPPER096','Delivered','2019-06-21','2022-10-26',182,'26 La Follette Park','Xigou',182452,NULL,'China',1,24,8308,3255,'Refunded'),('ORDER250','CUST049',NULL,'TRANS250','SHIPPER001','Dispatched','2016-01-15','2017-08-17',111,'6953 Melby Pass','Alcanena',520992,'Santarm','Portugal',17,92,3669,3254,'Refunded'),('ORDER251','CUST494',NULL,'TRANS251','SHIPPER010','Delivered','2018-02-19','2016-05-15',60,'364 Scoville Way','Jojoima',388468,NULL,'Sierra Leone',6,160,442,3787,'Paid'),('ORDER252','CUST256',NULL,'TRANS252','SHIPPER067','Processed','2019-01-04','2018-12-08',19,'22 Graedel Court','Vojkovice',381448,NULL,'Czech Republic',5,5,6187,7597,'Unpaid'),('ORDER253','CUST268',NULL,'TRANS253','SHIPPER037','Processed','2017-11-20','2020-07-04',290,'3935 Starling Street','Tugela Ferry',182692,NULL,'South Africa',9,40,8287,6306,'Paid'),('ORDER254','CUST298','COU025','TRANS254','SHIPPER040','Dispatched','2019-02-01','2019-06-12',5,'23 Lunder Parkway','Caherconlish',558933,NULL,'Ireland',9,6,7986,7077,'Paid'),('ORDER255','CUST174','COU011','TRANS255','SHIPPER021','Dispatched','2018-07-31','2017-10-01',223,'77 Mendota Point','Cuozheqiangma',365093,NULL,'China',11,126,6878,3835,'Paid'),('ORDER256','CUST428','COU043','TRANS256','SHIPPER075','Dispatched','2016-08-10','2021-03-24',151,'7876 Shelley Way','Yunji',127403,NULL,'China',12,193,3738,10080,'Unpaid'),('ORDER257','CUST176','COU097','TRANS257','SHIPPER088','Processed','2022-10-13','2021-01-13',120,'1 Cascade Drive','Kampong Speu',368266,NULL,'Cambodia',9,11,6661,8519,'Unpaid'),('ORDER258','CUST164','COU061','TRANS258','SHIPPER077','Dispatched','2022-03-31','2016-03-28',233,'0 Donald Drive','So Lus de Montes Belos',350244,NULL,'Brazil',4,39,647,2333,'Refunded'),('ORDER259','CUST384',NULL,'TRANS259','SHIPPER033','Dispatched','2016-03-17','2017-01-12',248,'9538 Maple Wood Drive','La Chapelle-sur-Erdre',308023,'Pays de la Loire','France',15,94,3578,10638,'Unpaid'),('ORDER260','CUST186','COU064','TRANS260','SHIPPER084','Dispatched','2022-07-16','2020-06-05',224,'3401 Heath Alley','Paramaribo',411136,NULL,'Suriname',3,116,7000,9944,'Unpaid'),('ORDER261','CUST434',NULL,'TRANS261','SHIPPER057','Delivered','2016-07-06','2021-05-08',214,'84 Leroy Road','Kubangsari',296458,NULL,'Indonesia',2,122,1359,1085,'Paid'),('ORDER262','CUST309','COU046','TRANS262','SHIPPER028','Dispatched','2015-03-03','2022-06-10',162,'0719 Spenser Center','Pimian',504753,NULL,'China',16,139,9288,7491,'Refunded'),('ORDER263','CUST225','COU063','TRANS263','SHIPPER065','Processed','2017-01-02','2015-02-17',280,'53928 Meadow Valley Point','Nyazepetrovsk',204069,NULL,'Russia',17,192,2253,2284,'Refunded'),('ORDER264','CUST192',NULL,'TRANS264','SHIPPER080','Delivered','2015-05-17','2016-07-15',249,'5688 Comanche Plaza','Minador do Negro',545636,NULL,'Brazil',11,165,2763,4079,'Refunded'),('ORDER265','CUST173',NULL,'TRANS265','SHIPPER075','Dispatched','2019-10-01','2022-08-15',281,'623 Portage Junction','Emiliano Zapata',253805,'Tamaulipas','Mexico',0,145,270,5051,'Paid'),('ORDER266','CUST038',NULL,'TRANS266','SHIPPER010','Processed','2018-01-23','2021-04-23',59,'6009 Mcguire Drive','Sandvika',261565,'Akershus','Norway',14,23,4608,918,'Paid'),('ORDER267','CUST057',NULL,'TRANS267','SHIPPER006','Processed','2021-11-02','2021-02-07',272,'3 Warrior Point','Srebrenica',183552,NULL,'Bosnia and Herzegovina',8,21,5288,864,'Unpaid'),('ORDER268','CUST272','COU045','TRANS268','SHIPPER015','Delivered','2022-03-04','2016-11-25',8,'301 6th Way','Dir',248624,NULL,'Mali',9,91,7410,8327,'Unpaid'),('ORDER269','CUST096',NULL,'TRANS269','SHIPPER006','Delivered','2018-12-05','2018-01-27',135,'405 Birchwood Terrace','Kaiyuan',131720,NULL,'China',13,150,3343,6999,'Refunded'),('ORDER270','CUST080',NULL,'TRANS270','SHIPPER090','Dispatched','2019-03-12','2015-06-24',198,'8 Mesta Court','Maunggora',400069,NULL,'Indonesia',9,10,7783,6422,'Refunded'),('ORDER271','CUST197',NULL,'TRANS271','SHIPPER035','Dispatched','2018-10-30','2020-08-20',67,'7 Rieder Parkway','Nartkala',168965,NULL,'Russia',11,148,5101,1105,'Refunded'),('ORDER272','CUST030','COU051','TRANS272','SHIPPER073','Processed','2019-12-30','2015-02-25',5,'0 Corscot Alley','Uluarang',449602,NULL,'Indonesia',18,0,4421,9476,'Refunded'),('ORDER273','CUST237','COU008','TRANS273','SHIPPER021','Delivered','2022-06-17','2020-07-16',228,'143 Hovde Place','Langtad',264241,NULL,'Philippines',4,186,1514,10780,'Unpaid'),('ORDER274','CUST114',NULL,'TRANS274','SHIPPER012','Dispatched','2018-11-08','2019-10-20',183,'0253 Mcbride Point','Gandajika',162509,NULL,'Democratic Republic of the Congo',8,102,8480,3455,'Refunded'),('ORDER275','CUST276','COU092','TRANS275','SHIPPER044','Delivered','2017-06-27','2016-04-26',236,'90113 Nelson Lane','Lisiani',357807,NULL,'Macedonia',13,163,7523,590,'Paid'),('ORDER276','CUST243','COU089','TRANS276','SHIPPER096','Dispatched','2021-01-07','2019-07-22',139,'68 Heath Drive','Jifn',199066,NULL,'Palestinian Territory',10,91,4889,9620,'Paid'),('ORDER277','CUST464',NULL,'TRANS277','SHIPPER050','Delivered','2018-05-08','2019-03-19',115,'4511 Dawn Point','Canta',436853,NULL,'Peru',4,180,8398,9592,'Refunded'),('ORDER278','CUST352',NULL,'TRANS278','SHIPPER050','Delivered','2022-05-12','2022-08-27',141,'78 Grim Avenue','Loros',336986,NULL,'Greece',10,125,8577,1091,'Unpaid'),('ORDER279','CUST303','COU023','TRANS279','SHIPPER005','Dispatched','2015-06-19','2018-06-25',202,'07463 Kipling Crossing','Marale',481752,NULL,'Honduras',0,170,3626,9452,'Refunded'),('ORDER280','CUST165',NULL,'TRANS280','SHIPPER008','Dispatched','2021-01-27','2019-03-05',248,'085 Porter Place','Shuangpengxi',584836,NULL,'China',4,40,2684,1182,'Refunded'),('ORDER281','CUST051',NULL,'TRANS281','SHIPPER014','Dispatched','2021-11-22','2019-06-05',131,'213 Melby Way','Campo Maior',341158,'Portalegre','Portugal',4,114,7346,9559,'Unpaid'),('ORDER282','CUST082',NULL,'TRANS282','SHIPPER004','Delivered','2017-06-02','2018-12-06',294,'34016 Hazelcrest Drive','So Francisco do Sul',409024,NULL,'Brazil',14,84,7405,6213,'Paid'),('ORDER283','CUST108','COU062','TRANS283','SHIPPER092','Processed','2022-11-17','2015-04-27',122,'2702 Hovde Parkway','Hovorany',105144,NULL,'Czech Republic',3,122,2978,2879,'Refunded'),('ORDER284','CUST053','COU012','TRANS284','SHIPPER048','Dispatched','2016-03-12','2022-05-09',198,'672 Bayside Street','Jawatiwa',409486,NULL,'Indonesia',11,75,8274,3857,'Unpaid'),('ORDER285','CUST162',NULL,'TRANS285','SHIPPER091','Dispatched','2015-04-29','2016-02-17',40,'81 Declaration Hill','Sexiong',557609,NULL,'China',15,178,9606,4091,'Refunded'),('ORDER286','CUST288','COU070','TRANS286','SHIPPER092','Delivered','2016-01-28','2015-05-09',128,'2 Florence Park','Bulog',571344,NULL,'Philippines',18,93,7211,8116,'Refunded'),('ORDER287','CUST479','COU028','TRANS287','SHIPPER059','Delivered','2018-06-04','2022-04-28',114,'915 Gerald Street','Studnka',311757,NULL,'Czech Republic',18,118,724,783,'Refunded'),('ORDER288','CUST413',NULL,'TRANS288','SHIPPER040','Dispatched','2016-01-17','2019-01-10',272,'4 Anthes Avenue','Pak Phli',503281,NULL,'Thailand',1,102,4367,4573,'Unpaid'),('ORDER289','CUST457','COU095','TRANS289','SHIPPER020','Processed','2018-05-31','2022-05-12',243,'04858 Northland Way','Mudon',510104,NULL,'Myanmar',1,114,1229,2271,'Refunded'),('ORDER290','CUST362','COU016','TRANS290','SHIPPER082','Dispatched','2016-08-28','2020-05-29',270,'4695 Prentice Center','Changling',142364,NULL,'China',10,10,9251,1895,'Refunded'),('ORDER291','CUST184','COU061','TRANS291','SHIPPER054','Processed','2022-01-05','2018-11-26',219,'8246 Dorton Crossing','Caldas Novas',470088,NULL,'Brazil',8,145,791,803,'Unpaid'),('ORDER292','CUST158','COU056','TRANS292','SHIPPER078','Processed','2020-03-13','2020-11-27',48,'55 Mallory Pass','Changqi',228149,NULL,'China',6,116,9922,2111,'Paid'),('ORDER293','CUST437','COU045','TRANS293','SHIPPER061','Dispatched','2019-01-13','2015-06-03',283,'175 Sachtjen Alley','Chamalires',267322,'Auvergne','France',9,100,1013,8661,'Refunded'),('ORDER294','CUST146','COU060','TRANS294','SHIPPER093','Delivered','2022-08-26','2017-04-05',61,'89006 Merrick Avenue','Hrazdan',301147,NULL,'Armenia',1,190,1678,4546,'Unpaid'),('ORDER295','CUST040',NULL,'TRANS295','SHIPPER071','Delivered','2021-12-25','2020-09-20',1,'7947 Gale Street','Yongchuan',550444,NULL,'China',7,98,1395,7153,'Paid'),('ORDER296','CUST238','COU034','TRANS296','SHIPPER075','Processed','2020-10-20','2016-05-02',55,'383 Oxford Plaza','Getazat',217179,NULL,'Armenia',3,170,6934,6736,'Paid'),('ORDER297','CUST085','COU029','TRANS297','SHIPPER064','Delivered','2016-09-20','2020-08-07',94,'10667 Straubel Plaza','Madara',389029,NULL,'Nigeria',7,92,2320,1028,'Refunded'),('ORDER298','CUST066','COU075','TRANS298','SHIPPER054','Delivered','2019-04-15','2021-02-14',277,'467 Red Cloud Plaza','Xinxing',449021,NULL,'China',14,157,5683,6410,'Unpaid'),('ORDER299','CUST298',NULL,'TRANS299','SHIPPER004','Processed','2021-05-28','2020-03-14',91,'89094 Kim Court','Vitebsk',243705,NULL,'Belarus',16,158,7414,2175,'Refunded'),('ORDER300','CUST233','COU018','TRANS300','SHIPPER005','Dispatched','2017-04-02','2020-01-26',116,'2289 Old Gate Terrace','Tnsberg',339818,'Vestfold','Norway',13,53,4861,7676,'Paid');
/*!40000 ALTER TABLE `order` ENABLE KEYS */;
UNLOCK TABLES;

--
-- Table structure for table `order_item`
--

DROP TABLE IF EXISTS `order_item`;
/*!40101 SET @saved_cs_client     = @@character_set_client */;
/*!50503 SET character_set_client = utf8mb4 */;
CREATE TABLE `order_item` (
  `order_id` varchar(8) DEFAULT NULL,
  `product_id` varchar(7) DEFAULT NULL,
  `quantity` int NOT NULL,
  `price` int NOT NULL,
  `discount` int NOT NULL,
  KEY `order_id` (`order_id`),
  KEY `product_id` (`product_id`),
  CONSTRAINT `order_item_ibfk_1` FOREIGN KEY (`order_id`) REFERENCES `order` (`order_id`),
  CONSTRAINT `order_item_ibfk_2` FOREIGN KEY (`product_id`) REFERENCES `product` (`product_id`)
) ENGINE=InnoDB DEFAULT CHARSET=utf8mb4 COLLATE=utf8mb4_0900_ai_ci;
/*!40101 SET character_set_client = @saved_cs_client */;

--
-- Dumping data for table `order_item`
--

LOCK TABLES `order_item` WRITE;
/*!40000 ALTER TABLE `order_item` DISABLE KEYS */;
INSERT INTO `order_item` VALUES ('ORDER269','PROD080',32,5439,1),('ORDER117','PROD005',33,903,65),('ORDER182','PROD265',37,2418,37),('ORDER198','PROD178',32,5825,10),('ORDER243','PROD167',8,5069,1),('ORDER042','PROD293',14,2405,51),('ORDER103','PROD061',45,4675,83),('ORDER230','PROD300',31,3302,32),('ORDER011','PROD023',22,4220,26),('ORDER224','PROD227',41,3928,7),('ORDER087','PROD130',10,1970,74),('ORDER121','PROD247',48,2743,18),('ORDER207','PROD040',38,5003,54),('ORDER017','PROD290',8,6707,44),('ORDER297','PROD274',34,2226,56),('ORDER194','PROD009',3,2410,15),('ORDER177','PROD293',36,6390,11),('ORDER104','PROD142',32,719,59),('ORDER193','PROD081',21,2556,6),('ORDER168','PROD020',46,3571,57),('ORDER107','PROD282',46,1564,54),('ORDER157','PROD201',50,5144,11),('ORDER236','PROD082',3,2956,85),('ORDER055','PROD193',20,1910,17),('ORDER194','PROD186',24,2490,67),('ORDER033','PROD066',3,4455,54),('ORDER299','PROD198',33,5554,53),('ORDER184','PROD208',44,6837,44),('ORDER148','PROD011',7,2279,85),('ORDER032','PROD089',20,3485,48),('ORDER120','PROD264',15,2872,49),('ORDER030','PROD279',7,4801,3),('ORDER003','PROD124',14,3762,15),('ORDER025','PROD300',36,5742,7),('ORDER078','PROD109',14,2047,87),('ORDER191','PROD161',33,4698,38),('ORDER078','PROD256',24,1113,34),('ORDER028','PROD160',35,2524,31),('ORDER183','PROD298',2,727,58),('ORDER119','PROD249',50,4285,35),('ORDER237','PROD259',4,2956,1),('ORDER073','PROD138',18,1433,17),('ORDER089','PROD123',20,6666,43),('ORDER286','PROD143',18,3462,76),('ORDER052','PROD202',29,1998,85),('ORDER250','PROD253',26,1818,51),('ORDER071','PROD031',25,5968,4),('ORDER196','PROD114',45,1217,29),('ORDER017','PROD179',4,1528,69),('ORDER088','PROD255',30,529,22),('ORDER189','PROD103',47,6443,58),('ORDER086','PROD147',27,1181,32),('ORDER055','PROD123',41,935,26),('ORDER054','PROD011',20,1245,18),('ORDER151','PROD292',27,4802,66),('ORDER058','PROD113',25,2185,60),('ORDER199','PROD035',45,3417,25),('ORDER187','PROD274',17,578,56),('ORDER005','PROD291',43,2615,3),('ORDER277','PROD104',33,6988,89),('ORDER248','PROD171',37,5065,37),('ORDER250','PROD090',27,5408,60),('ORDER115','PROD156',29,357,58),('ORDER168','PROD097',6,1801,85),('ORDER063','PROD133',43,4036,13),('ORDER057','PROD080',5,386,9),('ORDER214','PROD020',12,1907,59),('ORDER208','PROD162',16,6611,89),('ORDER192','PROD111',26,800,77),('ORDER212','PROD194',28,2813,8),('ORDER148','PROD114',34,5760,47),('ORDER206','PROD234',24,4717,60),('ORDER140','PROD204',35,322,16),('ORDER183','PROD279',8,191,81),('ORDER276','PROD252',4,167,55),('ORDER157','PROD122',24,1055,27),('ORDER239','PROD268',47,3040,71),('ORDER095','PROD288',22,5598,84),('ORDER142','PROD094',23,4630,33),('ORDER284','PROD276',25,3781,36),('ORDER070','PROD177',6,2854,40),('ORDER249','PROD130',10,3975,2),('ORDER005','PROD156',26,3209,55),('ORDER271','PROD172',11,1602,10),('ORDER133','PROD002',16,3168,40),('ORDER134','PROD189',29,1438,18),('ORDER048','PROD289',1,1879,76),('ORDER101','PROD078',12,1131,3),('ORDER231','PROD003',18,6013,15),('ORDER047','PROD139',39,1779,77),('ORDER160','PROD292',24,4963,84),('ORDER137','PROD268',48,5610,46),('ORDER170','PROD023',1,5387,16),('ORDER150','PROD011',41,6828,47),('ORDER096','PROD117',34,3601,81),('ORDER236','PROD156',32,503,6),('ORDER191','PROD168',7,4247,74),('ORDER177','PROD006',37,4446,38),('ORDER001','PROD232',46,6697,9),('ORDER012','PROD171',6,547,66),('ORDER013','PROD189',34,4495,41),('ORDER263','PROD189',3,1465,48),('ORDER296','PROD098',33,6646,65),('ORDER208','PROD140',45,4803,12),('ORDER125','PROD081',49,4882,26),('ORDER157','PROD146',16,6036,17),('ORDER058','PROD119',21,4567,16),('ORDER177','PROD074',13,877,46),('ORDER002','PROD028',35,1272,83),('ORDER186','PROD227',46,4567,89),('ORDER117','PROD234',17,4626,65),('ORDER251','PROD036',5,2514,69),('ORDER279','PROD295',21,1267,18),('ORDER131','PROD112',48,6628,79),('ORDER091','PROD112',39,556,38),('ORDER299','PROD135',25,1815,30),('ORDER249','PROD275',12,3131,81),('ORDER284','PROD041',18,5112,56),('ORDER047','PROD063',11,4696,23),('ORDER081','PROD298',40,4356,45),('ORDER146','PROD262',43,16,72),('ORDER090','PROD230',28,2770,8),('ORDER261','PROD161',27,3984,18),('ORDER290','PROD072',48,5701,17),('ORDER055','PROD297',4,148,15),('ORDER010','PROD259',21,1812,49),('ORDER070','PROD059',37,5095,54),('ORDER224','PROD231',23,4003,38),('ORDER025','PROD047',19,6035,21),('ORDER097','PROD201',43,5802,84),('ORDER257','PROD121',39,4032,31),('ORDER262','PROD113',34,5423,42),('ORDER292','PROD036',12,6870,55),('ORDER289','PROD197',11,5010,6),('ORDER171','PROD295',41,6372,45),('ORDER161','PROD184',14,1504,19),('ORDER013','PROD174',10,6455,61),('ORDER140','PROD245',47,4907,76),('ORDER253','PROD124',29,265,28),('ORDER292','PROD058',9,2384,24),('ORDER160','PROD147',23,375,75),('ORDER125','PROD258',47,6584,1),('ORDER112','PROD236',8,22,2),('ORDER267','PROD139',5,6437,52),('ORDER100','PROD104',38,1255,52),('ORDER130','PROD260',37,6678,37),('ORDER200','PROD227',20,4516,69),('ORDER276','PROD191',45,1839,24),('ORDER005','PROD184',27,5651,26),('ORDER213','PROD207',28,89,71),('ORDER178','PROD286',50,2209,31),('ORDER149','PROD137',29,2206,63),('ORDER087','PROD169',25,740,10),('ORDER111','PROD219',41,2427,36),('ORDER098','PROD192',9,2741,68),('ORDER047','PROD093',41,4451,72),('ORDER169','PROD215',10,1727,49),('ORDER030','PROD101',14,4723,30),('ORDER088','PROD152',22,2871,27),('ORDER212','PROD188',33,851,61),('ORDER078','PROD131',31,3907,35),('ORDER176','PROD105',8,5969,29),('ORDER187','PROD186',38,4216,71),('ORDER099','PROD137',44,3618,16),('ORDER200','PROD289',1,4633,19),('ORDER158','PROD172',26,5278,17),('ORDER278','PROD055',40,3243,87),('ORDER091','PROD289',39,3963,8),('ORDER238','PROD006',4,6351,50),('ORDER260','PROD244',16,4499,49),('ORDER131','PROD077',45,1730,30),('ORDER291','PROD027',11,4863,58),('ORDER089','PROD060',14,4506,67),('ORDER225','PROD083',17,5282,50),('ORDER109','PROD239',42,4749,19),('ORDER119','PROD172',12,1306,62),('ORDER130','PROD285',22,4023,75),('ORDER197','PROD150',1,4335,85),('ORDER180','PROD037',11,6646,81),('ORDER119','PROD298',23,3455,35),('ORDER135','PROD208',27,588,77),('ORDER066','PROD027',8,6111,11),('ORDER090','PROD045',32,3596,40),('ORDER252','PROD148',30,6033,2),('ORDER219','PROD215',34,5134,44),('ORDER267','PROD146',29,4919,42),('ORDER067','PROD029',49,2637,4),('ORDER172','PROD264',21,1453,72),('ORDER102','PROD191',44,1792,78),('ORDER293','PROD015',5,6167,76),('ORDER262','PROD284',17,1194,83),('ORDER111','PROD001',25,1938,43),('ORDER048','PROD173',13,4715,48),('ORDER098','PROD150',28,6496,79),('ORDER133','PROD201',48,3836,30),('ORDER135','PROD072',2,3675,81),('ORDER007','PROD300',2,895,79),('ORDER066','PROD184',1,4126,25),('ORDER259','PROD135',27,2823,76),('ORDER102','PROD038',34,2222,53),('ORDER029','PROD016',31,6952,27),('ORDER050','PROD253',40,6268,61),('ORDER244','PROD208',23,6237,54),('ORDER220','PROD024',27,2828,8),('ORDER180','PROD127',4,6359,17),('ORDER039','PROD149',23,4163,58),('ORDER127','PROD238',18,3298,44),('ORDER045','PROD019',14,4274,45),('ORDER146','PROD119',19,987,24),('ORDER245','PROD236',14,285,40),('ORDER231','PROD078',25,897,35),('ORDER210','PROD216',31,68,15),('ORDER148','PROD102',7,912,67),('ORDER190','PROD112',32,3928,35),('ORDER300','PROD087',28,6466,49),('ORDER259','PROD026',5,2980,40),('ORDER013','PROD224',42,623,78),('ORDER120','PROD011',29,4217,59),('ORDER169','PROD265',45,1441,26),('ORDER242','PROD260',36,4539,89),('ORDER119','PROD100',17,2154,22),('ORDER134','PROD103',31,626,21),('ORDER146','PROD058',8,3284,11),('ORDER196','PROD146',42,3545,50),('ORDER095','PROD025',23,2911,1),('ORDER001','PROD074',17,2309,40),('ORDER130','PROD099',17,5893,36),('ORDER021','PROD049',36,665,44),('ORDER141','PROD080',39,2846,70),('ORDER270','PROD047',10,6098,83),('ORDER228','PROD280',9,3686,90),('ORDER067','PROD016',15,4492,57),('ORDER057','PROD285',44,1957,10),('ORDER066','PROD079',19,2413,45),('ORDER067','PROD278',15,4811,53),('ORDER127','PROD279',30,5720,72),('ORDER135','PROD057',29,3237,34),('ORDER217','PROD140',26,5983,67),('ORDER274','PROD281',6,3419,38),('ORDER021','PROD251',3,3169,28),('ORDER151','PROD109',49,338,36),('ORDER113','PROD070',5,1988,21),('ORDER204','PROD121',42,4414,31),('ORDER120','PROD101',26,523,49),('ORDER201','PROD196',10,5318,76),('ORDER116','PROD165',17,37,29),('ORDER250','PROD203',44,5091,80),('ORDER033','PROD187',39,6253,83),('ORDER051','PROD031',10,4777,37),('ORDER233','PROD081',22,6858,31),('ORDER158','PROD122',10,6919,30),('ORDER169','PROD055',23,1666,29),('ORDER133','PROD111',28,429,16),('ORDER095','PROD162',49,6732,39),('ORDER007','PROD276',32,6956,21),('ORDER250','PROD247',9,6665,89),('ORDER148','PROD271',33,5279,28),('ORDER202','PROD076',1,2881,28),('ORDER114','PROD226',33,6252,87),('ORDER209','PROD243',21,2953,10),('ORDER087','PROD087',15,2627,76),('ORDER212','PROD199',24,1878,33),('ORDER096','PROD083',47,5549,86),('ORDER289','PROD289',31,210,90),('ORDER271','PROD086',11,3301,7),('ORDER080','PROD229',31,2013,15),('ORDER107','PROD177',14,751,47),('ORDER196','PROD108',5,5326,70),('ORDER289','PROD090',22,4239,52),('ORDER076','PROD172',12,1088,11),('ORDER281','PROD137',40,6324,63),('ORDER208','PROD082',6,3628,10),('ORDER181','PROD160',1,419,15),('ORDER085','PROD290',33,3679,68),('ORDER201','PROD089',41,5810,69),('ORDER059','PROD074',13,741,87),('ORDER070','PROD181',13,5063,27),('ORDER173','PROD221',6,640,26),('ORDER283','PROD222',14,5624,78),('ORDER276','PROD224',48,3508,53),('ORDER211','PROD049',19,5933,47),('ORDER074','PROD119',12,6725,21),('ORDER246','PROD006',21,2481,23),('ORDER170','PROD084',25,1161,1),('ORDER024','PROD192',42,205,43),('ORDER097','PROD055',30,3864,21),('ORDER106','PROD021',49,5916,42),('ORDER016','PROD268',13,5783,58),('ORDER251','PROD212',33,6606,14),('ORDER141','PROD096',43,3159,16),('ORDER171','PROD042',7,2463,3),('ORDER082','PROD080',2,6114,24),('ORDER056','PROD098',36,3337,85),('ORDER044','PROD209',12,5610,76),('ORDER289','PROD033',43,325,88),('ORDER264','PROD172',29,1995,44),('ORDER096','PROD059',27,2207,10),('ORDER037','PROD098',27,3070,49),('ORDER053','PROD057',35,3244,25),('ORDER161','PROD202',25,3384,4),('ORDER064','PROD167',29,4031,58),('ORDER075','PROD244',6,6137,69),('ORDER106','PROD069',37,2964,18),('ORDER167','PROD012',14,4295,90),('ORDER288','PROD188',17,3751,81),('ORDER042','PROD205',35,1412,13),('ORDER098','PROD279',10,5439,79),('ORDER102','PROD212',12,4970,29),('ORDER238','PROD194',10,5416,49),('ORDER272','PROD239',12,1206,77),('ORDER232','PROD006',49,4500,24),('ORDER020','PROD048',18,6817,26),('ORDER205','PROD296',44,291,21),('ORDER229','PROD273',10,300,39),('ORDER298','PROD004',32,833,4),('ORDER250','PROD212',19,3633,68),('ORDER206','PROD141',10,5131,64),('ORDER183','PROD140',45,141,83),('ORDER292','PROD217',18,2608,8),('ORDER295','PROD034',34,3949,79),('ORDER150','PROD277',46,2572,49),('ORDER161','PROD281',48,509,16),('ORDER178','PROD263',7,4313,14),('ORDER095','PROD177',9,2724,22),('ORDER237','PROD279',2,3853,30),('ORDER291','PROD125',10,5220,74),('ORDER285','PROD138',42,4728,82),('ORDER256','PROD106',9,5145,25),('ORDER098','PROD145',45,2770,13),('ORDER059','PROD248',14,1301,16),('ORDER201','PROD058',30,317,79),('ORDER122','PROD032',35,1387,35),('ORDER158','PROD289',35,1108,31),('ORDER266','PROD215',29,102,66),('ORDER097','PROD148',18,2885,77),('ORDER040','PROD106',1,3417,53),('ORDER238','PROD071',22,2469,23),('ORDER003','PROD002',5,5265,43),('ORDER146','PROD261',45,2579,68),('ORDER282','PROD004',7,914,13),('ORDER098','PROD022',50,6609,60),('ORDER260','PROD061',29,3983,69),('ORDER292','PROD208',38,3487,74),('ORDER140','PROD264',12,6656,86),('ORDER107','PROD083',22,6893,22),('ORDER050','PROD166',34,5893,61),('ORDER109','PROD147',11,4533,74),('ORDER088','PROD065',38,3486,71),('ORDER102','PROD057',8,1205,30),('ORDER109','PROD030',42,4820,87),('ORDER015','PROD178',32,588,16),('ORDER287','PROD076',14,1919,66),('ORDER211','PROD128',41,2909,53),('ORDER086','PROD181',13,681,4),('ORDER108','PROD071',30,4097,33),('ORDER144','PROD097',30,5646,70),('ORDER031','PROD005',48,4425,85),('ORDER168','PROD031',48,416,62),('ORDER300','PROD075',48,3178,69),('ORDER138','PROD006',26,3068,31),('ORDER020','PROD002',49,3721,48),('ORDER178','PROD076',13,5745,65),('ORDER004','PROD018',10,6119,78),('ORDER117','PROD254',14,2730,43),('ORDER172','PROD048',39,279,88),('ORDER113','PROD148',23,3214,12),('ORDER252','PROD128',27,3385,47),('ORDER135','PROD216',44,6620,42),('ORDER001','PROD207',30,349,88),('ORDER078','PROD010',48,1988,31),('ORDER074','PROD004',36,1965,63),('ORDER059','PROD157',37,5898,32),('ORDER088','PROD114',34,3981,76),('ORDER116','PROD135',47,3186,17),('ORDER140','PROD126',24,4364,55),('ORDER255','PROD199',34,742,23),('ORDER196','PROD184',33,1000,3),('ORDER031','PROD300',31,2462,76),('ORDER120','PROD272',40,1689,46),('ORDER064','PROD053',2,2080,32),('ORDER074','PROD053',25,3502,26),('ORDER036','PROD206',39,2101,36),('ORDER225','PROD251',49,56,36),('ORDER146','PROD220',23,1739,49),('ORDER205','PROD005',41,3551,19),('ORDER126','PROD214',24,2142,28),('ORDER174','PROD194',39,5728,52),('ORDER120','PROD240',28,6182,49),('ORDER290','PROD205',14,6612,7),('ORDER259','PROD085',20,1202,18),('ORDER037','PROD283',10,880,16),('ORDER129','PROD279',31,1671,60),('ORDER091','PROD012',36,5348,64),('ORDER007','PROD293',38,6515,61),('ORDER077','PROD153',27,6878,86),('ORDER210','PROD025',4,3399,21),('ORDER009','PROD283',50,2222,77),('ORDER108','PROD024',2,229,77),('ORDER205','PROD078',39,6606,21),('ORDER270','PROD066',40,5416,32),('ORDER294','PROD231',19,881,17),('ORDER249','PROD051',33,1526,45),('ORDER262','PROD287',6,1810,74),('ORDER189','PROD193',10,1585,67),('ORDER249','PROD289',29,2684,67),('ORDER134','PROD149',16,1928,2),('ORDER061','PROD195',8,673,51),('ORDER226','PROD146',10,4418,18),('ORDER106','PROD026',27,3990,9),('ORDER201','PROD165',1,4487,87),('ORDER218','PROD242',13,6792,45),('ORDER248','PROD121',14,5218,26),('ORDER181','PROD283',6,246,56),('ORDER195','PROD249',32,5662,32),('ORDER148','PROD124',5,2869,30),('ORDER171','PROD132',13,5537,57),('ORDER166','PROD172',45,4618,18),('ORDER148','PROD215',41,2677,82),('ORDER003','PROD058',28,1867,15),('ORDER088','PROD107',13,1878,25),('ORDER262','PROD107',13,5779,73),('ORDER023','PROD295',7,6624,73),('ORDER106','PROD051',2,1624,46),('ORDER158','PROD278',12,5523,49),('ORDER203','PROD037',37,3384,69),('ORDER048','PROD224',8,2424,77),('ORDER012','PROD008',8,5674,20),('ORDER094','PROD096',45,1616,89),('ORDER299','PROD223',36,4350,3),('ORDER130','PROD260',47,2552,59),('ORDER263','PROD115',31,1096,24),('ORDER266','PROD160',43,126,72),('ORDER081','PROD206',30,6266,68),('ORDER272','PROD134',49,3943,26),('ORDER106','PROD111',40,5171,76),('ORDER211','PROD105',29,6758,75),('ORDER224','PROD003',28,1231,69),('ORDER040','PROD255',12,2212,88),('ORDER064','PROD006',12,5533,5),('ORDER148','PROD093',26,1990,70),('ORDER180','PROD041',33,2273,46),('ORDER199','PROD221',21,4079,31),('ORDER009','PROD163',17,2160,72),('ORDER217','PROD250',17,1857,34),('ORDER274','PROD038',18,3335,47),('ORDER136','PROD285',41,3042,22),('ORDER270','PROD199',42,4154,47),('ORDER217','PROD273',18,6478,11),('ORDER256','PROD138',4,1726,86),('ORDER281','PROD206',49,6829,39),('ORDER259','PROD218',18,6837,3),('ORDER221','PROD245',5,4872,47),('ORDER284','PROD046',38,5151,53),('ORDER005','PROD259',16,909,37),('ORDER201','PROD202',33,1330,15),('ORDER189','PROD279',28,4852,12),('ORDER026','PROD164',36,2980,49),('ORDER277','PROD295',41,139,35),('ORDER073','PROD179',24,3925,24),('ORDER076','PROD288',8,1750,55),('ORDER269','PROD167',24,3202,7),('ORDER181','PROD159',10,1308,76),('ORDER013','PROD045',26,693,68),('ORDER247','PROD139',4,2968,77),('ORDER250','PROD166',38,6932,61),('ORDER288','PROD274',34,897,73),('ORDER019','PROD157',8,4736,14),('ORDER261','PROD162',36,6948,47),('ORDER116','PROD259',28,620,54),('ORDER268','PROD236',50,4703,51),('ORDER071','PROD002',17,3728,3),('ORDER065','PROD102',1,280,40),('ORDER187','PROD002',4,5545,4),('ORDER208','PROD165',26,6966,17),('ORDER028','PROD129',28,1755,40),('ORDER134','PROD233',50,1054,12),('ORDER247','PROD275',20,1005,8),('ORDER085','PROD088',36,384,52),('ORDER046','PROD283',43,4740,78),('ORDER183','PROD245',40,390,17),('ORDER190','PROD134',8,5995,19),('ORDER231','PROD095',50,6529,69),('ORDER090','PROD297',32,712,43),('ORDER291','PROD167',1,693,19),('ORDER099','PROD162',28,4343,73),('ORDER019','PROD264',14,4969,41),('ORDER145','PROD208',28,6259,8),('ORDER145','PROD057',35,1952,17),('ORDER154','PROD194',49,4668,70),('ORDER193','PROD001',39,4600,63),('ORDER081','PROD084',6,92,22),('ORDER241','PROD036',20,4622,19),('ORDER110','PROD260',10,3071,5),('ORDER034','PROD288',16,2751,14),('ORDER197','PROD167',16,5241,68),('ORDER166','PROD161',42,42,1),('ORDER136','PROD248',36,6592,56),('ORDER219','PROD086',48,4999,76),('ORDER052','PROD085',5,4912,30),('ORDER069','PROD116',10,2306,31),('ORDER092','PROD211',25,2594,88),('ORDER116','PROD045',9,3421,65),('ORDER202','PROD174',34,5594,25),('ORDER250','PROD027',35,4789,7),('ORDER299','PROD001',22,4226,28),('ORDER187','PROD179',48,2170,15),('ORDER275','PROD178',30,5003,88),('ORDER258','PROD084',44,150,56),('ORDER064','PROD282',14,554,46),('ORDER173','PROD048',18,5288,57),('ORDER242','PROD195',12,661,40),('ORDER092','PROD202',22,822,71),('ORDER115','PROD034',17,3786,88),('ORDER187','PROD178',47,1143,17),('ORDER180','PROD127',50,2397,12),('ORDER273','PROD213',14,4372,23),('ORDER175','PROD126',3,5926,79),('ORDER057','PROD046',44,1475,79),('ORDER210','PROD027',46,2872,46),('ORDER226','PROD083',7,4414,22),('ORDER212','PROD145',19,5681,61),('ORDER222','PROD257',45,720,1),('ORDER276','PROD252',44,6946,18),('ORDER276','PROD276',6,656,68),('ORDER096','PROD182',47,5397,51),('ORDER140','PROD265',2,2932,72),('ORDER061','PROD193',11,1738,60),('ORDER258','PROD221',46,6856,72),('ORDER094','PROD279',28,1361,65),('ORDER176','PROD034',5,6371,65),('ORDER080','PROD016',26,3303,58),('ORDER180','PROD108',12,60,62),('ORDER147','PROD239',23,5503,29),('ORDER286','PROD274',21,3066,86),('ORDER219','PROD042',47,4907,73),('ORDER252','PROD285',16,6757,84),('ORDER040','PROD077',50,6378,57),('ORDER058','PROD149',43,3903,14),('ORDER015','PROD078',47,1768,14),('ORDER283','PROD118',6,271,33),('ORDER284','PROD298',15,2106,37),('ORDER116','PROD056',41,6448,17),('ORDER078','PROD080',45,2949,57),('ORDER023','PROD167',11,574,22),('ORDER290','PROD050',29,1240,1),('ORDER095','PROD187',15,1549,89),('ORDER149','PROD113',25,4458,87),('ORDER002','PROD212',27,1420,32),('ORDER189','PROD165',37,3455,78),('ORDER045','PROD067',16,2484,66),('ORDER144','PROD131',19,5639,85),('ORDER185','PROD127',10,6653,36),('ORDER259','PROD084',49,3039,64),('ORDER060','PROD018',47,5110,71),('ORDER044','PROD004',43,6183,72),('ORDER097','PROD263',43,2481,80),('ORDER234','PROD015',20,4283,20),('ORDER281','PROD237',5,530,88),('ORDER042','PROD075',36,1265,60),('ORDER171','PROD245',11,832,5),('ORDER043','PROD159',2,4492,84),('ORDER284','PROD065',31,6572,90),('ORDER185','PROD253',16,3415,14),('ORDER030','PROD146',15,810,3),('ORDER107','PROD233',46,1961,56),('ORDER249','PROD054',20,26,22),('ORDER122','PROD037',2,4629,18),('ORDER041','PROD250',35,3097,31),('ORDER138','PROD065',34,3406,64),('ORDER196','PROD088',23,5339,57),('ORDER104','PROD258',22,3698,54),('ORDER206','PROD026',19,2281,79),('ORDER117','PROD166',47,4689,63),('ORDER165','PROD036',47,2290,59),('ORDER003','PROD124',16,2150,35),('ORDER230','PROD051',12,5953,13),('ORDER205','PROD153',39,1648,28),('ORDER074','PROD123',15,6366,11),('ORDER054','PROD205',22,3920,30),('ORDER042','PROD053',40,6706,17),('ORDER125','PROD183',27,2530,73),('ORDER163','PROD243',29,1188,13),('ORDER064','PROD164',32,5933,47),('ORDER002','PROD170',9,3261,58),('ORDER017','PROD021',13,753,20),('ORDER075','PROD236',42,2906,67),('ORDER016','PROD057',34,5785,15),('ORDER062','PROD104',13,6648,70),('ORDER209','PROD131',45,2484,32),('ORDER181','PROD098',41,1615,79),('ORDER138','PROD110',30,4901,77),('ORDER043','PROD110',13,399,12),('ORDER159','PROD015',1,371,67),('ORDER143','PROD021',1,419,73),('ORDER132','PROD177',45,5051,56),('ORDER241','PROD264',3,383,60),('ORDER133','PROD265',7,6462,76),('ORDER221','PROD230',17,4448,26),('ORDER202','PROD175',23,4418,14),('ORDER033','PROD271',25,5813,31),('ORDER128','PROD075',31,2196,42),('ORDER279','PROD119',6,4386,2),('ORDER215','PROD026',12,3099,50),('ORDER149','PROD101',29,4291,23),('ORDER197','PROD256',25,61,90),('ORDER027','PROD153',37,2009,45),('ORDER201','PROD244',22,2670,14),('ORDER078','PROD019',4,3255,34),('ORDER093','PROD096',20,209,12),('ORDER207','PROD124',50,4341,14),('ORDER031','PROD211',17,4623,60),('ORDER149','PROD053',19,2567,26),('ORDER071','PROD225',7,3333,5),('ORDER082','PROD107',32,3413,85),('ORDER202','PROD247',10,2272,17),('ORDER188','PROD204',31,4817,78),('ORDER151','PROD130',12,1487,79),('ORDER095','PROD083',24,2711,7),('ORDER003','PROD229',44,3026,79),('ORDER201','PROD299',22,3218,60),('ORDER206','PROD113',7,2158,88),('ORDER098','PROD186',4,2459,58),('ORDER058','PROD163',4,1972,53),('ORDER216','PROD044',34,2984,57),('ORDER082','PROD121',46,6810,88),('ORDER167','PROD006',7,3155,2),('ORDER201','PROD039',10,3775,82),('ORDER223','PROD237',18,2437,30),('ORDER042','PROD026',38,5087,52),('ORDER062','PROD291',29,3311,18),('ORDER163','PROD008',19,4071,8),('ORDER154','PROD202',39,4358,46),('ORDER245','PROD121',4,2467,43),('ORDER202','PROD086',11,1197,15),('ORDER092','PROD101',5,3837,57),('ORDER101','PROD300',13,4900,17),('ORDER206','PROD234',40,6955,86),('ORDER021','PROD216',26,5476,66),('ORDER102','PROD077',3,3484,45),('ORDER258','PROD155',39,4337,10),('ORDER176','PROD020',42,5630,82),('ORDER229','PROD274',2,505,46),('ORDER222','PROD114',34,4373,72),('ORDER014','PROD025',10,5840,66),('ORDER168','PROD212',19,5960,46),('ORDER194','PROD005',9,2465,77),('ORDER038','PROD241',12,4824,77),('ORDER277','PROD128',21,4233,10),('ORDER191','PROD214',17,6757,45),('ORDER029','PROD023',42,3930,19),('ORDER067','PROD121',32,5845,43),('ORDER181','PROD246',6,1084,26),('ORDER074','PROD222',19,1007,12),('ORDER070','PROD136',47,2133,13),('ORDER063','PROD259',45,2495,1),('ORDER279','PROD274',32,1208,11),('ORDER076','PROD160',4,4057,52),('ORDER072','PROD176',9,15,35),('ORDER248','PROD284',38,2129,1),('ORDER111','PROD173',4,3795,48),('ORDER226','PROD287',23,2038,62),('ORDER126','PROD125',35,3130,30),('ORDER087','PROD235',27,4860,64),('ORDER136','PROD104',39,2802,26),('ORDER011','PROD173',27,4253,3),('ORDER233','PROD071',14,1505,32),('ORDER183','PROD298',23,2059,61),('ORDER164','PROD270',41,4237,16),('ORDER151','PROD206',26,3825,57),('ORDER007','PROD228',33,6415,48),('ORDER093','PROD202',12,4863,72),('ORDER002','PROD289',6,6465,54),('ORDER226','PROD289',36,6577,16),('ORDER006','PROD254',48,6588,88),('ORDER067','PROD115',36,1544,3),('ORDER222','PROD034',40,1060,13),('ORDER149','PROD213',12,4378,44),('ORDER032','PROD149',2,4451,75),('ORDER037','PROD112',45,955,62),('ORDER104','PROD257',44,3251,29),('ORDER041','PROD005',14,2369,11),('ORDER042','PROD144',41,4249,86),('ORDER287','PROD031',1,6186,67),('ORDER062','PROD234',38,2047,38),('ORDER299','PROD011',16,2666,1),('ORDER068','PROD003',42,6491,29),('ORDER054','PROD123',11,1486,1),('ORDER279','PROD232',46,3624,5),('ORDER153','PROD220',5,6648,76),('ORDER186','PROD007',4,1682,47),('ORDER032','PROD254',33,1828,77),('ORDER080','PROD031',6,6204,8),('ORDER238','PROD283',38,478,64),('ORDER050','PROD020',21,4590,75),('ORDER040','PROD227',21,5784,20),('ORDER272','PROD155',15,3729,54),('ORDER002','PROD052',23,2278,60),('ORDER297','PROD062',33,229,63),('ORDER024','PROD278',29,4135,88),('ORDER300','PROD150',21,2066,35);
/*!40000 ALTER TABLE `order_item` ENABLE KEYS */;
UNLOCK TABLES;

--
-- Table structure for table `product`
--

DROP TABLE IF EXISTS `product`;
/*!40101 SET @saved_cs_client     = @@character_set_client */;
/*!50503 SET character_set_client = utf8mb4 */;
CREATE TABLE `product` (
  `product_id` varchar(7) NOT NULL,
  `category_id` varchar(11) DEFAULT NULL,
  `admin_id` varchar(8) DEFAULT NULL,
  `name` varchar(50) NOT NULL,
  `description` varchar(50) DEFAULT NULL,
  `price` int NOT NULL,
  `stock` int NOT NULL,
  `discount` int DEFAULT '0',
  PRIMARY KEY (`product_id`),
  KEY `category_id` (`category_id`),
  KEY `admin_id` (`admin_id`),
  CONSTRAINT `product_ibfk_1` FOREIGN KEY (`category_id`) REFERENCES `category` (`category_id`),
  CONSTRAINT `product_ibfk_2` FOREIGN KEY (`admin_id`) REFERENCES `admin` (`admin_id`)
) ENGINE=InnoDB DEFAULT CHARSET=utf8mb4 COLLATE=utf8mb4_0900_ai_ci;
/*!40101 SET character_set_client = @saved_cs_client */;

--
-- Dumping data for table `product`
--

LOCK TABLES `product` WRITE;
/*!40000 ALTER TABLE `product` DISABLE KEYS */;
INSERT INTO `product` VALUES ('PROD001','CATEGORY100','ADMIN050','Sauce Bbq Smokey','Rubber',2981,395,89),('PROD002','CATEGORY095','ADMIN090','Wine - Beringer Founders Estate','Stone',2955,440,57),('PROD003','CATEGORY121','ADMIN009','Truffle Cups - White Paper','Plexiglass',3727,254,NULL),('PROD004','CATEGORY089','ADMIN016','Trout Rainbow Whole','Vinyl',5355,82,80),('PROD005','CATEGORY055','ADMIN065','Aromat Spice / Seasoning','Rubber',739,294,67),('PROD006','CATEGORY021','ADMIN047','Wine - Segura Viudas Aria Brut','Brass',107,484,30),('PROD007','CATEGORY143','ADMIN060','Hersey Shakes','Glass',4941,278,72),('PROD008','CATEGORY042','ADMIN091','Wine - Semi Dry Riesling Vineland','Aluminum',5103,102,51),('PROD009','CATEGORY043','ADMIN081','Lettuce - Red Leaf','Wood',4309,252,57),('PROD010','CATEGORY115','ADMIN095','Appetizer - Crab And Brie','Brass',1009,137,44),('PROD011','CATEGORY139','ADMIN031','Cheese - Cheddar, Old White',NULL,3766,278,39),('PROD012','CATEGORY008','ADMIN019','Fiddlehead - Frozen','Glass',5325,414,41),('PROD013','CATEGORY060','ADMIN093','Oil - Shortening - All - Purpose',NULL,3965,293,37),('PROD014','CATEGORY127','ADMIN074','Glaze - Clear','Vinyl',2639,53,13),('PROD015','CATEGORY044','ADMIN065','Soup - Campbells Broccoli','Stone',1037,21,44),('PROD016','CATEGORY068','ADMIN098','Veal - Liver','Vinyl',1609,448,6),('PROD017','CATEGORY091','ADMIN046','Beef - Ox Tail, Frozen','Glass',382,232,88),('PROD018','CATEGORY144','ADMIN066','Rum - Cream, Amarula','Brass',3682,130,43),('PROD019','CATEGORY078','ADMIN093','Egg Patty Fried','Granite',6049,419,NULL),('PROD020','CATEGORY141','ADMIN046','Pepper - Chillies, Crushed','Glass',2994,115,62),('PROD021','CATEGORY026','ADMIN083','Eel - Smoked','Plexiglass',3106,131,24),('PROD022','CATEGORY098','ADMIN021','Noodles - Cellophane, Thin','Stone',176,464,30),('PROD023','CATEGORY048','ADMIN004','Mushroom - Oyster, Fresh','Aluminum',6693,368,45),('PROD024','CATEGORY044','ADMIN048','Pasta - Fettuccine, Dry','Brass',6005,389,79),('PROD025','CATEGORY093','ADMIN084','7up Diet, 355 Ml','Aluminum',6942,296,16),('PROD026','CATEGORY036','ADMIN042','Poppy Seed','Brass',3003,403,42),('PROD027','CATEGORY115','ADMIN057','Tea - Herbal Sweet Dreams','Brass',5449,228,36),('PROD028','CATEGORY006','ADMIN049','Bagel - Everything','Steel',5006,477,0),('PROD029','CATEGORY061','ADMIN042','Table Cloth 54x72 White','Brass',3516,253,NULL),('PROD030','CATEGORY001','ADMIN071','Coffee Caramel Biscotti','Steel',4120,375,14),('PROD031','CATEGORY139','ADMIN007','Bread - Pita, Mini','Plexiglass',6550,177,NULL),('PROD032','CATEGORY091','ADMIN090','Spring Roll Veg Mini','Rubber',189,482,13),('PROD033','CATEGORY082','ADMIN060','Soup - Chicken And Wild Rice','Aluminum',899,325,43),('PROD034','CATEGORY119','ADMIN014','Lemons','Aluminum',48,237,73),('PROD035','CATEGORY112','ADMIN044','Sour Cream','Vinyl',5229,28,7),('PROD036','CATEGORY040','ADMIN042','Cheese - Cottage Cheese','Vinyl',819,37,4),('PROD037','CATEGORY019','ADMIN024','Soup - Cream Of Broccoli, Dry','Steel',6886,267,40),('PROD038','CATEGORY110','ADMIN011','Kaffir Lime Leaves','Glass',5898,49,55),('PROD039','CATEGORY038','ADMIN067','Five Alive Citrus','Brass',3786,325,37),('PROD040','CATEGORY049','ADMIN087','Bagelers - Cinn / Brown','Steel',48,346,NULL),('PROD041','CATEGORY080','ADMIN034','Ecolab - Mikroklene 4/4 L','Brass',6924,252,4),('PROD042','CATEGORY064','ADMIN056','Sausage - Chorizo','Steel',1378,387,61),('PROD043','CATEGORY013','ADMIN010','Table Cloth 54x72 Colour','Brass',6591,225,37),('PROD044','CATEGORY045','ADMIN028','Wine - Prosecco Valdobiaddene','Vinyl',3086,367,33),('PROD045','CATEGORY071','ADMIN066','Turkey - Breast, Smoked','Brass',4487,413,5),('PROD046','CATEGORY084','ADMIN082','Spring Roll Wrappers','Wood',1907,90,11),('PROD047','CATEGORY087','ADMIN080','Energy - Boo - Koo','Vinyl',4648,473,68),('PROD048','CATEGORY028','ADMIN028','Tea - Herbal - 6 Asst','Vinyl',3660,136,40),('PROD049','CATEGORY129','ADMIN041','Sobe - Tropical Energy','Steel',6323,348,39),('PROD050','CATEGORY054','ADMIN098','Oven Mitt - 13 Inch','Aluminum',430,69,63),('PROD051','CATEGORY041','ADMIN005','Lamb - Leg, Boneless','Glass',1194,431,32),('PROD052','CATEGORY120','ADMIN027','Flower - Commercial Bronze','Glass',2229,74,28),('PROD053','CATEGORY041','ADMIN009','Steamers White','Plexiglass',4724,447,50),('PROD054','CATEGORY030','ADMIN095','Mushroom - Lg - Cello','Glass',246,156,13),('PROD055','CATEGORY008','ADMIN054','Soup - Campbells, Butternut','Rubber',457,92,15),('PROD056','CATEGORY009','ADMIN055','Shrimp - 16/20, Peeled Deviened','Vinyl',5432,210,10),('PROD057','CATEGORY029','ADMIN043','Mushroom - Shitake, Fresh','Brass',3501,235,13),('PROD058','CATEGORY134','ADMIN022','Pork - Inside','Plastic',5032,31,71),('PROD059','CATEGORY125','ADMIN023','Tumeric','Stone',6462,497,19),('PROD060','CATEGORY070','ADMIN035','Cheese - Gouda Smoked','Rubber',3463,174,78),('PROD061','CATEGORY035','ADMIN042','Lid - Translucent, 3.5 And 6 Oz','Steel',92,348,80),('PROD062','CATEGORY039','ADMIN027','Napkin - Dinner, White','Vinyl',3178,304,60),('PROD063','CATEGORY118','ADMIN051','Tea - Vanilla Chai','Plexiglass',5477,349,66),('PROD064','CATEGORY007','ADMIN080','Wine - Tribal Sauvignon','Plastic',2320,119,52),('PROD065','CATEGORY005','ADMIN056','Pastry - Banana Tea Loaf','Aluminum',1347,179,NULL),('PROD066','CATEGORY070','ADMIN045','Beef - Inside Round','Wood',1751,454,31),('PROD067','CATEGORY117','ADMIN045','Tofu - Firm','Plastic',3699,181,82),('PROD068','CATEGORY119','ADMIN052','Mushroom - Crimini','Steel',3949,379,NULL),('PROD069','CATEGORY062','ADMIN097','Beer - Muskoka Cream Ale','Steel',2508,108,19),('PROD070','CATEGORY053','ADMIN029','Cafe Royale','Granite',4157,109,69),('PROD071','CATEGORY010','ADMIN034','Pepper - Paprika, Hungarian','Vinyl',559,13,39),('PROD072','CATEGORY043','ADMIN033','The Pop Shoppe - Lime Rickey','Vinyl',4758,359,25),('PROD073','CATEGORY025','ADMIN073','Rabbit - Legs',NULL,3751,425,49),('PROD074','CATEGORY079','ADMIN031','Beef - Top Butt Aaa','Glass',4060,45,90),('PROD075','CATEGORY150','ADMIN019','Melon - Watermelon, Seedless','Aluminum',3328,447,2),('PROD076','CATEGORY084','ADMIN059','Tequila Rose Cream Liquor','Wood',2521,242,20),('PROD077','CATEGORY125','ADMIN062','Tobasco Sauce',NULL,4384,123,11),('PROD078','CATEGORY106','ADMIN097','Bread - Hot Dog Buns','Aluminum',4265,476,60),('PROD079','CATEGORY057','ADMIN042','Sugar Thermometer','Aluminum',5238,57,87),('PROD080','CATEGORY095','ADMIN079','Sauce - Hollandaise','Wood',3603,26,5),('PROD081','CATEGORY020','ADMIN035','Cheese - Brie, Triple Creme','Plastic',4860,197,23),('PROD082','CATEGORY049','ADMIN095','Corn Shoots','Granite',2395,238,25),('PROD083','CATEGORY020','ADMIN034','Peas Snow','Plastic',6666,321,65),('PROD084','CATEGORY111','ADMIN087','Cheese Cloth','Steel',184,50,9),('PROD085','CATEGORY138','ADMIN039','Spice - Chili Powder Mexican','Stone',1973,9,87),('PROD086','CATEGORY108','ADMIN057','Chocolate Eclairs','Rubber',1277,89,NULL),('PROD087','CATEGORY004','ADMIN049','Beer - Maudite','Wood',3902,475,33),('PROD088','CATEGORY085','ADMIN048','Glaze - Clear','Plastic',2769,165,87),('PROD089','CATEGORY118','ADMIN070','Artichoke - Bottom, Canned','Steel',5879,246,11),('PROD090','CATEGORY096','ADMIN014','Wine - Rosso Toscano Igt','Brass',5556,41,57),('PROD091','CATEGORY100','ADMIN053','Maple Syrup','Plastic',4375,134,58),('PROD092','CATEGORY087','ADMIN003','Wine - Balbach Riverside','Steel',279,367,26),('PROD093','CATEGORY072','ADMIN073','Buffalo - Striploin','Plastic',6083,498,14),('PROD094','CATEGORY053','ADMIN043','Lamb - Whole Head Off,nz','Plastic',2014,167,NULL),('PROD095','CATEGORY135','ADMIN096','Wine - Lamancha Do Crianza','Glass',5352,428,77),('PROD096','CATEGORY047','ADMIN086','Wine - Saint Emilion Calvet','Brass',4860,257,71),('PROD097','CATEGORY063','ADMIN056','Radish','Plexiglass',357,433,11),('PROD098','CATEGORY062','ADMIN018','Oil - Safflower',NULL,2733,397,76),('PROD099','CATEGORY036','ADMIN033','Cleaner - Pine Sol','Steel',1567,132,27),('PROD100','CATEGORY075','ADMIN086','Black Currants',NULL,4981,282,55),('PROD101','CATEGORY101','ADMIN085','Table Cloth 53x53 White','Aluminum',1252,378,3),('PROD102','CATEGORY030','ADMIN017','Wine - Merlot Vina Carmen','Stone',664,448,8),('PROD103','CATEGORY115','ADMIN086','Appetizer - Cheese Bites','Rubber',2261,28,43),('PROD104','CATEGORY085','ADMIN044','Spoon - Soup, Plastic','Plastic',2163,457,1),('PROD105','CATEGORY006','ADMIN075','Syrup - Monin - Granny Smith','Wood',753,155,7),('PROD106','CATEGORY064','ADMIN088','Lamb Tenderloin Nz Fr','Vinyl',3135,112,81),('PROD107','CATEGORY128','ADMIN039','Sauce - White, Mix','Vinyl',3167,310,24),('PROD108','CATEGORY015','ADMIN058','Wine - Crozes Hermitage E.','Plastic',5128,492,8),('PROD109','CATEGORY058','ADMIN050','Beef - Salted','Stone',2660,49,42),('PROD110','CATEGORY091','ADMIN098','Soy Protein','Aluminum',6015,323,51),('PROD111','CATEGORY029','ADMIN032','Tray - 12in Rnd Blk','Brass',3893,262,66),('PROD112','CATEGORY054','ADMIN070','Grand Marnier','Wood',6453,246,57),('PROD113','CATEGORY056','ADMIN057','Bar Nature Valley','Glass',4951,222,16),('PROD114','CATEGORY102','ADMIN012','Sauce - Plum','Rubber',6457,133,79),('PROD115','CATEGORY015','ADMIN028','Sauce - Mint','Brass',4081,0,52),('PROD116','CATEGORY092','ADMIN034','Pork - Ground','Steel',2463,82,89),('PROD117','CATEGORY028','ADMIN015','Chicken Giblets','Plastic',4836,306,87),('PROD118','CATEGORY080','ADMIN053','Lettuce - Sea / Sea Asparagus','Glass',216,440,22),('PROD119','CATEGORY123','ADMIN064','Peas Snow','Glass',2602,325,78),('PROD120','CATEGORY012','ADMIN070','Pasta - Penne, Rigate, Dry','Steel',981,358,5),('PROD121','CATEGORY113','ADMIN012','Pepper - Paprika, Spanish','Plexiglass',3276,58,49),('PROD122','CATEGORY008','ADMIN071','Leeks - Baby, White','Aluminum',2768,494,24),('PROD123','CATEGORY088','ADMIN072','Croissant, Raw - Mini','Granite',4511,491,55),('PROD124','CATEGORY019','ADMIN011','Syrup - Kahlua Chocolate','Aluminum',2665,220,3),('PROD125','CATEGORY013','ADMIN032','Chips Potato All Dressed - 43g','Steel',5265,120,34),('PROD126','CATEGORY086','ADMIN043','Olive - Spread Tapenade','Stone',4890,192,84),('PROD127','CATEGORY007','ADMIN096','Heavy Duty Dust Pan','Aluminum',3153,348,8),('PROD128','CATEGORY085','ADMIN057','Plums - Red','Rubber',6827,100,NULL),('PROD129','CATEGORY099','ADMIN080','Wine - Chateauneuf Du Pape','Steel',466,57,16),('PROD130','CATEGORY061','ADMIN027','Bagelers - Cinn / Brown Sugar','Granite',4084,458,65),('PROD131','CATEGORY071','ADMIN091','Tomatoes - Heirloom',NULL,5214,372,64),('PROD132','CATEGORY016','ADMIN084','Wine - Red, Cooking','Stone',566,455,43),('PROD133','CATEGORY020','ADMIN064','Juice - Grape, White','Stone',2914,151,NULL),('PROD134','CATEGORY017','ADMIN011','Napkin Colour','Glass',823,282,6),('PROD135','CATEGORY107','ADMIN021','Zucchini - Green','Aluminum',4850,216,27),('PROD136','CATEGORY005','ADMIN040','Muffin - Mix - Creme Brule 15l','Steel',81,351,19),('PROD137','CATEGORY102','ADMIN099','Bread - French Baquette','Rubber',6730,306,52),('PROD138','CATEGORY016','ADMIN017','Lettuce - Green Leaf','Stone',2184,454,16),('PROD139','CATEGORY017','ADMIN037','Muffin Mix - Morning Glory','Brass',4482,105,8),('PROD140','CATEGORY037','ADMIN019','Tomatoes','Steel',1334,90,88),('PROD141','CATEGORY050','ADMIN038','Steam Pan - Half Size Deep','Stone',2028,35,10),('PROD142','CATEGORY060','ADMIN054','Sping Loaded Cup Dispenser','Granite',604,140,62),('PROD143','CATEGORY088','ADMIN007','Honey - Liquid','Brass',2227,379,8),('PROD144','CATEGORY092','ADMIN031','Sugar - Splenda Sweetener','Plastic',5363,342,7),('PROD145','CATEGORY098','ADMIN094','Pasta - Fett Alfredo, Single Serve','Vinyl',2695,433,42),('PROD146','CATEGORY013','ADMIN089','Beans - Navy, Dry','Rubber',287,59,76),('PROD147','CATEGORY113','ADMIN058','Ecolab - Ster Bac','Plastic',189,245,49),('PROD148','CATEGORY058','ADMIN004','Wine - Dubouef Macon - Villages','Wood',3904,140,6),('PROD149','CATEGORY069','ADMIN080','Turkey - Breast, Smoked','Glass',2803,348,21),('PROD150','CATEGORY042','ADMIN097','Sprouts - Peppercress','Steel',3001,41,9),('PROD151','CATEGORY018','ADMIN081','Pork Loin Cutlets','Aluminum',3144,49,16),('PROD152','CATEGORY114','ADMIN002','Extract - Almond','Granite',3065,398,NULL),('PROD153','CATEGORY015','ADMIN070','Bar Mix - Lemon','Rubber',4253,291,64),('PROD154','CATEGORY091','ADMIN037','Filling - Mince Meat','Plastic',3161,266,63),('PROD155','CATEGORY114','ADMIN058','Shrimp - Baby, Warm Water','Vinyl',4856,172,58),('PROD156','CATEGORY064','ADMIN060','Shrimp - 21/25, Peel And Deviened','Vinyl',785,234,30),('PROD157','CATEGORY138','ADMIN082','Cheese Cloth','Glass',5896,458,73),('PROD158','CATEGORY143','ADMIN047','Sprouts - Peppercress','Wood',439,110,82),('PROD159','CATEGORY076','ADMIN046','Capon - Breast, Double, Wing On','Granite',6644,26,49),('PROD160','CATEGORY097','ADMIN080','Oil - Macadamia','Plastic',660,160,NULL),('PROD161','CATEGORY035','ADMIN044','Shichimi Togarashi Peppeers',NULL,316,192,14),('PROD162','CATEGORY103','ADMIN091','Curry Powder Madras','Aluminum',2167,45,21),('PROD163','CATEGORY018','ADMIN092','Trout - Hot Smkd, Dbl Fillet','Granite',3687,471,73),('PROD164','CATEGORY141','ADMIN100','Chicken Breast Halal','Stone',370,405,15),('PROD165','CATEGORY129','ADMIN040','Icecream - Dstk Strw Chseck','Plexiglass',5948,105,12),('PROD166','CATEGORY074','ADMIN027','Wine - Red Oakridge Merlot','Brass',446,24,19),('PROD167','CATEGORY079','ADMIN040','Milk - 2%','Stone',2252,92,62),('PROD168','CATEGORY014','ADMIN100','Basil - Thai','Granite',3870,255,12),('PROD169','CATEGORY122','ADMIN077','Bread - Italian Corn Meal Poly','Granite',120,481,56),('PROD170','CATEGORY086','ADMIN061','Turnip - Wax','Plastic',276,55,5),('PROD171','CATEGORY120','ADMIN088','Chilli Paste, Sambal Oelek','Steel',6287,291,27),('PROD172','CATEGORY014','ADMIN073','Chocolate - Sugar Free Semi Choc','Wood',4974,91,12),('PROD173','CATEGORY128','ADMIN020','Tomatoes - Cherry, Yellow','Granite',6495,168,39),('PROD174','CATEGORY043','ADMIN053','Halibut - Steaks','Vinyl',1505,65,72),('PROD175','CATEGORY123','ADMIN097','Veal - Insides, Grains','Steel',412,240,74),('PROD176','CATEGORY115','ADMIN042','Almonds Ground Blanched','Glass',3269,35,5),('PROD177','CATEGORY032','ADMIN078','Chocolate - Pistoles, Lactee, Milk','Plastic',2160,287,75),('PROD178','CATEGORY079','ADMIN064','Breakfast Quesadillas','Aluminum',306,229,NULL),('PROD179','CATEGORY069','ADMIN020','Corn - Cream, Canned','Rubber',5150,187,14),('PROD180','CATEGORY032','ADMIN027','Food Colouring - Blue','Wood',5885,100,69),('PROD181','CATEGORY147','ADMIN030','Sugar - White Packet','Plexiglass',2771,22,81),('PROD182','CATEGORY026','ADMIN054','Wine - Peller Estates Late','Glass',1671,361,71),('PROD183','CATEGORY042','ADMIN016','Chicken - White Meat With Tender','Brass',2892,47,63),('PROD184','CATEGORY120','ADMIN044','Puree - Pear',NULL,2767,105,5),('PROD185','CATEGORY091','ADMIN047','Wine - Chardonnay South',NULL,2706,481,59),('PROD186','CATEGORY110','ADMIN017','Turkey - Breast, Smoked','Plastic',2948,408,30),('PROD187','CATEGORY085','ADMIN031','Cups 10oz Trans','Plastic',6738,61,84),('PROD188','CATEGORY052','ADMIN091','Veal - Loin','Plexiglass',5851,261,11),('PROD189','CATEGORY069','ADMIN003','Barramundi','Plexiglass',1178,97,18),('PROD190','CATEGORY138','ADMIN071','Yogurt - Assorted Pack','Wood',6584,190,83),('PROD191','CATEGORY129','ADMIN077','Slt - Individual Portions','Plexiglass',1108,406,87),('PROD192','CATEGORY076','ADMIN063','Energy Drink Bawls','Stone',4698,47,34),('PROD193','CATEGORY021','ADMIN033','Oil - Shortening,liqud, Fry',NULL,3972,464,25),('PROD194','CATEGORY026','ADMIN076','Wine - Puligny Montrachet A.','Rubber',3762,81,52),('PROD195','CATEGORY075','ADMIN052','Vanilla Beans','Plastic',1066,128,79),('PROD196','CATEGORY051','ADMIN007','Knife Plastic - White','Wood',6705,20,79),('PROD197','CATEGORY023','ADMIN026','Orange Roughy 6/8 Oz','Steel',175,232,NULL),('PROD198','CATEGORY115','ADMIN098','Ecolab - Orange Frc, Cleaner','Glass',3338,398,6),('PROD199','CATEGORY064','ADMIN002','Bread - Pita','Aluminum',353,412,14),('PROD200','CATEGORY019','ADMIN071','Rye Special Old','Granite',1801,484,12),('PROD201','CATEGORY089','ADMIN068','Soup - Cream Of Broccoli, Dry','Stone',4965,363,72),('PROD202','CATEGORY033','ADMIN058','Jam - Marmalade, Orange','Wood',924,107,60),('PROD203','CATEGORY129','ADMIN031','Lidsoupcont Rp12dn','Vinyl',6934,445,57),('PROD204','CATEGORY143','ADMIN034','Papadam','Wood',6833,243,78),('PROD205','CATEGORY054','ADMIN038','Kolrabi','Granite',6856,36,7),('PROD206','CATEGORY028','ADMIN038','Sweet Pea Sprouts','Plexiglass',4614,268,38),('PROD207','CATEGORY083','ADMIN055','Carbonated Water - Raspberry','Vinyl',181,469,75),('PROD208','CATEGORY040','ADMIN044','Olives - Green, Pitted','Stone',2331,268,59),('PROD209','CATEGORY147','ADMIN051','Corn Shoots','Glass',167,143,3),('PROD210','CATEGORY042','ADMIN076','Cookie - Oreo 100x2',NULL,5562,294,89),('PROD211','CATEGORY076','ADMIN014','Sour Cream','Glass',1787,21,44),('PROD212','CATEGORY025','ADMIN035','Tea Leaves - Oolong','Steel',5580,311,73),('PROD213','CATEGORY132','ADMIN072','Rice Pilaf, Dry,package','Rubber',4699,364,87),('PROD214','CATEGORY122','ADMIN089','Dill Weed - Fresh','Plexiglass',6199,56,18),('PROD215','CATEGORY129','ADMIN084','Sprouts - Pea','Stone',3088,106,23),('PROD216','CATEGORY144','ADMIN064','Glass - Wine, Plastic, Clear 5 Oz','Plastic',1684,43,4),('PROD217','CATEGORY020','ADMIN049','Turkey Leg With Drum And Thigh','Wood',2337,415,19),('PROD218','CATEGORY149','ADMIN064','Melon - Watermelon, Seedless','Rubber',3868,338,11),('PROD219','CATEGORY034','ADMIN049','Wine - Taylors Reserve','Rubber',279,339,32),('PROD220','CATEGORY051','ADMIN091','Wine - Beringer Founders Estate','Stone',4609,156,61),('PROD221','CATEGORY015','ADMIN017','Pork - Bacon, Double Smoked','Aluminum',3240,98,85),('PROD222','CATEGORY039','ADMIN027','Sausage - Andouille','Vinyl',2829,387,23),('PROD223','CATEGORY111','ADMIN062','Ketchup - Tomato','Plexiglass',6194,215,8),('PROD224','CATEGORY032','ADMIN091','Cake - Cake Sheet Macaroon','Glass',3575,171,26),('PROD225','CATEGORY110','ADMIN039','Flour - Bread','Plexiglass',4948,407,52),('PROD226','CATEGORY092','ADMIN055','Bread - Raisin','Plastic',3750,86,74),('PROD227','CATEGORY063','ADMIN100','Vermacelli - Sprinkles, Assorted','Vinyl',6838,34,30),('PROD228','CATEGORY111','ADMIN008','Sesame Seed Black','Aluminum',2344,25,51),('PROD229','CATEGORY059','ADMIN041','Beef - Roasted, Cooked','Vinyl',5258,71,25),('PROD230','CATEGORY137','ADMIN082','Wine - Chardonnay South','Vinyl',2233,452,36),('PROD231','CATEGORY050','ADMIN025','Loaf Pan - 2 Lb, Foil','Brass',1716,293,67),('PROD232','CATEGORY081','ADMIN098','Bread - Rye','Rubber',2670,235,12),('PROD233','CATEGORY146','ADMIN044','Melon - Watermelon, Seedless','Plastic',1751,211,34),('PROD234','CATEGORY136','ADMIN025','Pie Pecan','Steel',433,489,25),('PROD235','CATEGORY138','ADMIN024','Tarts Assorted','Vinyl',90,402,71),('PROD236','CATEGORY014','ADMIN098','Soup Bowl Clear 8oz92008','Plastic',426,203,44),('PROD237','CATEGORY045','ADMIN014','Beer - Blue Light','Plastic',738,491,49),('PROD238','CATEGORY109','ADMIN041','Truffle Cups - White Paper','Aluminum',3754,445,34),('PROD239','CATEGORY101','ADMIN099','Veal - Tenderloin, Untrimmed','Vinyl',2738,404,68),('PROD240','CATEGORY067','ADMIN100','Gatorade - Lemon Lime','Vinyl',4949,493,26),('PROD241','CATEGORY073','ADMIN090','Juice - Propel Sport','Rubber',6539,198,24),('PROD242','CATEGORY126','ADMIN019','Salmon - Smoked, Sliced','Stone',6513,1,57),('PROD243','CATEGORY079','ADMIN015','Fish - Scallops, Cold Smoked','Steel',656,240,29),('PROD244','CATEGORY135','ADMIN041','Higashimaru Usukuchi Soy','Rubber',476,82,19),('PROD245','CATEGORY150','ADMIN096','Island Oasis - Strawberry','Rubber',2176,415,68),('PROD246','CATEGORY027','ADMIN019','Table Cloth 54x54 Colour','Wood',3309,337,58),('PROD247','CATEGORY013','ADMIN084','Table Cloth 54x54 Colour','Plastic',1238,463,26),('PROD248','CATEGORY121','ADMIN094','Wine - Clavet Saint Emilion','Vinyl',5862,184,NULL),('PROD249','CATEGORY114','ADMIN095','Lettuce - Iceberg','Rubber',1212,470,12),('PROD250','CATEGORY079','ADMIN036','Icecream - Dstk Cml And Fdg','Plastic',4552,31,76),('PROD251','CATEGORY009','ADMIN016','Lotus Rootlets - Canned','Glass',5606,268,76),('PROD252','CATEGORY001','ADMIN015','Soup - Campbells - Tomato','Aluminum',107,344,2),('PROD253','CATEGORY122','ADMIN036','Juice - Mango','Stone',1628,258,44),('PROD254','CATEGORY025','ADMIN074','Flower - Daisies','Wood',3247,298,84),('PROD255','CATEGORY030','ADMIN033','Wine - Red, Pelee Island Merlot','Aluminum',6374,168,84),('PROD256','CATEGORY130','ADMIN020','Beans - Wax','Wood',2768,146,NULL),('PROD257','CATEGORY112','ADMIN059','Flavouring - Rum','Stone',1496,282,10),('PROD258','CATEGORY056','ADMIN016','Pie Shell - 5','Aluminum',1930,33,11),('PROD259','CATEGORY078','ADMIN042','Wine - Red Oakridge Merlot','Aluminum',3147,99,45),('PROD260','CATEGORY016','ADMIN005','Cucumber - English','Brass',6887,302,8),('PROD261','CATEGORY136','ADMIN014','Coke - Diet, 355 Ml','Granite',6094,74,42),('PROD262','CATEGORY111','ADMIN053','Noodles - Cellophane, Thin','Aluminum',1576,106,13),('PROD263','CATEGORY074','ADMIN030','Boogies','Vinyl',247,481,83),('PROD264','CATEGORY131','ADMIN064','Cheese Cheddar Processed','Stone',6689,261,45),('PROD265','CATEGORY059','ADMIN085','Longos - Grilled Chicken With','Stone',826,394,76),('PROD266','CATEGORY134','ADMIN025','Salmon Atl.whole 8 - 10 Lb','Aluminum',4881,259,2),('PROD267','CATEGORY017','ADMIN069','Longos - Lasagna Beef','Stone',5132,134,NULL),('PROD268','CATEGORY018','ADMIN045','Veal - Inside Round / Top, Lean','Vinyl',5020,322,66),('PROD269','CATEGORY107','ADMIN086','Sea Bass - Fillets','Glass',1870,352,84),('PROD270','CATEGORY139','ADMIN004','Pastry - Key Limepoppy Seed Tea',NULL,4918,95,34),('PROD271','CATEGORY035','ADMIN017','Rice - Jasmine Sented','Steel',6359,97,83),('PROD272','CATEGORY114','ADMIN079','Hot Chocolate - Individual','Plastic',4757,102,11),('PROD273','CATEGORY013','ADMIN095','Syrup - Monin - Granny Smith','Plexiglass',2348,48,55),('PROD274','CATEGORY023','ADMIN030','Butter Ripple - Phillips','Vinyl',2388,263,71),('PROD275','CATEGORY012','ADMIN056','Mace','Brass',595,415,42),('PROD276','CATEGORY035','ADMIN027','Napkin - Beverge, White 2 - Ply','Steel',500,332,1),('PROD277','CATEGORY145','ADMIN065','Tart Shells - Savory, 2','Plastic',2434,245,35),('PROD278','CATEGORY031','ADMIN032','Chocolate - Chips Compound','Vinyl',1057,360,NULL),('PROD279','CATEGORY007','ADMIN021','Beef Wellington','Vinyl',3004,419,79),('PROD280','CATEGORY014','ADMIN073','Curry Powder Madras','Steel',5408,385,46),('PROD281','CATEGORY071','ADMIN034','Longos - Grilled Veg Sandwiches','Glass',4822,230,23),('PROD282','CATEGORY076','ADMIN098','Sunflower Seed Raw','Glass',5074,159,76),('PROD283','CATEGORY140','ADMIN046','Snapple - Mango Maddness','Brass',5930,3,57),('PROD284','CATEGORY074','ADMIN072','Bread - Sour Batard','Stone',5750,239,56),('PROD285','CATEGORY119','ADMIN084','Juice - Orangina','Plexiglass',2376,50,86),('PROD286','CATEGORY067','ADMIN003','Breakfast Quesadillas','Plastic',3486,119,15),('PROD287','CATEGORY143','ADMIN017','Cheese - Woolwich Goat, Log',NULL,6844,78,7),('PROD288','CATEGORY099','ADMIN093','Oil - Peanut','Wood',2550,449,5),('PROD289','CATEGORY145','ADMIN023','Beef Dry Aged Tenderloin Aaa','Plexiglass',6888,326,73),('PROD290','CATEGORY144','ADMIN013','Pork - Inside','Glass',1112,293,7),('PROD291','CATEGORY118','ADMIN023','Beans - Navy, Dry','Wood',6338,449,74),('PROD292','CATEGORY046','ADMIN088','Wine - Two Oceans Cabernet','Steel',1623,205,58),('PROD293','CATEGORY040','ADMIN057','Carbonated Water - White Grape','Stone',895,338,41),('PROD294','CATEGORY050','ADMIN100','Lidsoupcont Rp12dn','Vinyl',6945,346,23),('PROD295','CATEGORY128','ADMIN074','Mushroom - Porcini Frozen',NULL,6214,25,54),('PROD296','CATEGORY138','ADMIN062','Chips - Miss Vickies','Aluminum',2812,56,NULL),('PROD297','CATEGORY021','ADMIN060','Bread - Triangle White','Stone',4084,157,76),('PROD298','CATEGORY079','ADMIN005','Trout - Smoked','Brass',1377,400,6),('PROD299','CATEGORY111','ADMIN024','Veal - Round, Eye Of','Glass',5752,311,83),('PROD300','CATEGORY133','ADMIN100','Sauce - Sesame Thai Dressing','Wood',4441,213,78);
/*!40000 ALTER TABLE `product` ENABLE KEYS */;
UNLOCK TABLES;

--
-- Table structure for table `product_image`
--

DROP TABLE IF EXISTS `product_image`;
/*!40101 SET @saved_cs_client     = @@character_set_client */;
/*!50503 SET character_set_client = utf8mb4 */;
CREATE TABLE `product_image` (
  `product_id` varchar(7) DEFAULT NULL,
  `product_image` varchar(50) DEFAULT NULL,
  KEY `product_id` (`product_id`),
  CONSTRAINT `product_image_ibfk_1` FOREIGN KEY (`product_id`) REFERENCES `product` (`product_id`)
) ENGINE=InnoDB DEFAULT CHARSET=utf8mb4 COLLATE=utf8mb4_0900_ai_ci;
/*!40101 SET character_set_client = @saved_cs_client */;

--
-- Dumping data for table `product_image`
--

LOCK TABLES `product_image` WRITE;
/*!40000 ALTER TABLE `product_image` DISABLE KEYS */;
INSERT INTO `product_image` VALUES ('PROD001','http://dummyimage.com/154x107.png/5fa2dd/ffffff'),('PROD002','http://dummyimage.com/197x164.png/ff4444/ffffff'),('PROD003','http://dummyimage.com/198x132.png/cc0000/ffffff'),('PROD004','http://dummyimage.com/243x162.png/dddddd/000000'),('PROD005','http://dummyimage.com/154x116.png/ff4444/ffffff'),('PROD006','http://dummyimage.com/227x129.png/ff4444/ffffff'),('PROD007','http://dummyimage.com/148x205.png/5fa2dd/ffffff'),('PROD008','http://dummyimage.com/207x163.png/ff4444/ffffff'),('PROD009','http://dummyimage.com/115x139.png/cc0000/ffffff'),('PROD010','http://dummyimage.com/144x169.png/ff4444/ffffff'),('PROD011','http://dummyimage.com/238x116.png/5fa2dd/ffffff'),('PROD012','http://dummyimage.com/122x118.png/cc0000/ffffff'),('PROD013','http://dummyimage.com/131x207.png/ff4444/ffffff'),('PROD014','http://dummyimage.com/123x187.png/ff4444/ffffff'),('PROD015','http://dummyimage.com/101x164.png/ff4444/ffffff'),('PROD016','http://dummyimage.com/244x250.png/ff4444/ffffff'),('PROD017','http://dummyimage.com/200x102.png/5fa2dd/ffffff'),('PROD018','http://dummyimage.com/247x243.png/dddddd/000000'),('PROD019','http://dummyimage.com/118x188.png/5fa2dd/ffffff'),('PROD020','http://dummyimage.com/197x190.png/ff4444/ffffff'),('PROD021','http://dummyimage.com/235x125.png/5fa2dd/ffffff'),('PROD022','http://dummyimage.com/168x137.png/ff4444/ffffff'),('PROD023','http://dummyimage.com/142x219.png/cc0000/ffffff'),('PROD024','http://dummyimage.com/229x187.png/5fa2dd/ffffff'),('PROD025','http://dummyimage.com/243x129.png/5fa2dd/ffffff'),('PROD026','http://dummyimage.com/164x119.png/ff4444/ffffff'),('PROD027','http://dummyimage.com/210x174.png/cc0000/ffffff'),('PROD028','http://dummyimage.com/214x155.png/ff4444/ffffff'),('PROD029','http://dummyimage.com/205x118.png/dddddd/000000'),('PROD030','http://dummyimage.com/224x192.png/ff4444/ffffff'),('PROD031','http://dummyimage.com/230x170.png/dddddd/000000'),('PROD032','http://dummyimage.com/161x119.png/ff4444/ffffff'),('PROD033','http://dummyimage.com/157x110.png/cc0000/ffffff'),('PROD034','http://dummyimage.com/136x241.png/5fa2dd/ffffff'),('PROD035','http://dummyimage.com/178x150.png/5fa2dd/ffffff'),('PROD036','http://dummyimage.com/244x113.png/dddddd/000000'),('PROD037','http://dummyimage.com/111x122.png/5fa2dd/ffffff'),('PROD038','http://dummyimage.com/107x140.png/5fa2dd/ffffff'),('PROD039','http://dummyimage.com/230x160.png/5fa2dd/ffffff'),('PROD040','http://dummyimage.com/138x155.png/ff4444/ffffff'),('PROD041','http://dummyimage.com/138x163.png/dddddd/000000'),('PROD042','http://dummyimage.com/234x248.png/dddddd/000000'),('PROD043','http://dummyimage.com/217x212.png/ff4444/ffffff'),('PROD044','http://dummyimage.com/119x212.png/5fa2dd/ffffff'),('PROD045','http://dummyimage.com/183x130.png/cc0000/ffffff'),('PROD046','http://dummyimage.com/225x179.png/dddddd/000000'),('PROD047','http://dummyimage.com/141x100.png/dddddd/000000'),('PROD048','http://dummyimage.com/144x132.png/ff4444/ffffff'),('PROD049','http://dummyimage.com/193x193.png/ff4444/ffffff'),('PROD050','http://dummyimage.com/165x220.png/cc0000/ffffff'),('PROD051','http://dummyimage.com/109x232.png/dddddd/000000'),('PROD052','http://dummyimage.com/139x216.png/cc0000/ffffff'),('PROD053','http://dummyimage.com/142x177.png/cc0000/ffffff'),('PROD054','http://dummyimage.com/194x167.png/ff4444/ffffff'),('PROD055','http://dummyimage.com/248x108.png/ff4444/ffffff'),('PROD056','http://dummyimage.com/127x164.png/dddddd/000000'),('PROD057','http://dummyimage.com/218x105.png/5fa2dd/ffffff'),('PROD058','http://dummyimage.com/111x158.png/dddddd/000000'),('PROD059','http://dummyimage.com/184x206.png/5fa2dd/ffffff'),('PROD060','http://dummyimage.com/100x212.png/5fa2dd/ffffff'),('PROD061','http://dummyimage.com/170x152.png/5fa2dd/ffffff'),('PROD062','http://dummyimage.com/168x244.png/ff4444/ffffff'),('PROD063','http://dummyimage.com/104x117.png/cc0000/ffffff'),('PROD064','http://dummyimage.com/200x178.png/5fa2dd/ffffff'),('PROD065','http://dummyimage.com/160x233.png/dddddd/000000'),('PROD066','http://dummyimage.com/138x195.png/dddddd/000000'),('PROD067','http://dummyimage.com/116x205.png/cc0000/ffffff'),('PROD068','http://dummyimage.com/109x239.png/cc0000/ffffff'),('PROD069','http://dummyimage.com/228x135.png/dddddd/000000'),('PROD070','http://dummyimage.com/134x183.png/5fa2dd/ffffff'),('PROD071','http://dummyimage.com/152x206.png/5fa2dd/ffffff'),('PROD072','http://dummyimage.com/136x180.png/cc0000/ffffff'),('PROD073','http://dummyimage.com/228x203.png/dddddd/000000'),('PROD074','http://dummyimage.com/216x182.png/5fa2dd/ffffff'),('PROD075','http://dummyimage.com/101x216.png/5fa2dd/ffffff'),('PROD076','http://dummyimage.com/140x246.png/5fa2dd/ffffff'),('PROD077','http://dummyimage.com/220x100.png/cc0000/ffffff'),('PROD078','http://dummyimage.com/236x188.png/cc0000/ffffff'),('PROD079','http://dummyimage.com/242x123.png/ff4444/ffffff'),('PROD080','http://dummyimage.com/109x160.png/dddddd/000000'),('PROD081','http://dummyimage.com/216x156.png/dddddd/000000'),('PROD082','http://dummyimage.com/159x179.png/cc0000/ffffff'),('PROD083','http://dummyimage.com/153x164.png/ff4444/ffffff'),('PROD084','http://dummyimage.com/217x236.png/5fa2dd/ffffff'),('PROD085','http://dummyimage.com/136x229.png/dddddd/000000'),('PROD086','http://dummyimage.com/235x104.png/ff4444/ffffff'),('PROD087','http://dummyimage.com/194x216.png/5fa2dd/ffffff'),('PROD088','http://dummyimage.com/159x230.png/cc0000/ffffff'),('PROD089','http://dummyimage.com/137x158.png/5fa2dd/ffffff'),('PROD090','http://dummyimage.com/184x207.png/dddddd/000000'),('PROD091','http://dummyimage.com/196x240.png/ff4444/ffffff'),('PROD092','http://dummyimage.com/101x152.png/ff4444/ffffff'),('PROD093','http://dummyimage.com/187x209.png/cc0000/ffffff'),('PROD094','http://dummyimage.com/141x225.png/cc0000/ffffff'),('PROD095','http://dummyimage.com/150x212.png/ff4444/ffffff'),('PROD096','http://dummyimage.com/223x162.png/ff4444/ffffff'),('PROD097','http://dummyimage.com/168x102.png/5fa2dd/ffffff'),('PROD098','http://dummyimage.com/154x158.png/dddddd/000000'),('PROD099','http://dummyimage.com/183x202.png/5fa2dd/ffffff'),('PROD100','http://dummyimage.com/194x233.png/dddddd/000000'),('PROD101','http://dummyimage.com/202x202.png/ff4444/ffffff'),('PROD102','http://dummyimage.com/217x158.png/dddddd/000000'),('PROD103','http://dummyimage.com/160x208.png/ff4444/ffffff'),('PROD104','http://dummyimage.com/110x141.png/dddddd/000000'),('PROD105','http://dummyimage.com/189x176.png/5fa2dd/ffffff'),('PROD106','http://dummyimage.com/121x102.png/5fa2dd/ffffff'),('PROD107','http://dummyimage.com/128x190.png/5fa2dd/ffffff'),('PROD108','http://dummyimage.com/192x125.png/5fa2dd/ffffff'),('PROD109','http://dummyimage.com/186x156.png/5fa2dd/ffffff'),('PROD110','http://dummyimage.com/127x118.png/cc0000/ffffff'),('PROD111','http://dummyimage.com/249x186.png/5fa2dd/ffffff'),('PROD112','http://dummyimage.com/194x136.png/5fa2dd/ffffff'),('PROD113','http://dummyimage.com/137x133.png/ff4444/ffffff'),('PROD114','http://dummyimage.com/158x189.png/ff4444/ffffff'),('PROD115','http://dummyimage.com/226x236.png/dddddd/000000'),('PROD116','http://dummyimage.com/142x198.png/ff4444/ffffff'),('PROD117','http://dummyimage.com/194x186.png/cc0000/ffffff'),('PROD118','http://dummyimage.com/148x108.png/ff4444/ffffff'),('PROD119','http://dummyimage.com/159x158.png/5fa2dd/ffffff'),('PROD120','http://dummyimage.com/198x134.png/dddddd/000000'),('PROD121','http://dummyimage.com/131x248.png/cc0000/ffffff'),('PROD122','http://dummyimage.com/108x212.png/cc0000/ffffff'),('PROD123','http://dummyimage.com/156x112.png/cc0000/ffffff'),('PROD124','http://dummyimage.com/111x156.png/cc0000/ffffff'),('PROD125',NULL),('PROD126','http://dummyimage.com/106x175.png/dddddd/000000'),('PROD127','http://dummyimage.com/225x117.png/cc0000/ffffff'),('PROD128','http://dummyimage.com/179x133.png/dddddd/000000'),('PROD129','http://dummyimage.com/140x234.png/dddddd/000000'),('PROD130','http://dummyimage.com/114x173.png/5fa2dd/ffffff'),('PROD131','http://dummyimage.com/102x160.png/5fa2dd/ffffff'),('PROD132','http://dummyimage.com/171x133.png/cc0000/ffffff'),('PROD133','http://dummyimage.com/148x233.png/cc0000/ffffff'),('PROD134','http://dummyimage.com/154x227.png/5fa2dd/ffffff'),('PROD135','http://dummyimage.com/129x222.png/cc0000/ffffff'),('PROD136',NULL),('PROD137','http://dummyimage.com/159x203.png/dddddd/000000'),('PROD138','http://dummyimage.com/121x159.png/dddddd/000000'),('PROD139','http://dummyimage.com/227x198.png/5fa2dd/ffffff'),('PROD140','http://dummyimage.com/225x162.png/ff4444/ffffff'),('PROD141','http://dummyimage.com/195x194.png/5fa2dd/ffffff'),('PROD142','http://dummyimage.com/106x119.png/cc0000/ffffff'),('PROD143','http://dummyimage.com/187x178.png/dddddd/000000'),('PROD144','http://dummyimage.com/243x178.png/cc0000/ffffff'),('PROD145','http://dummyimage.com/172x118.png/5fa2dd/ffffff'),('PROD146','http://dummyimage.com/126x181.png/5fa2dd/ffffff'),('PROD147','http://dummyimage.com/229x184.png/ff4444/ffffff'),('PROD148','http://dummyimage.com/140x234.png/dddddd/000000'),('PROD149','http://dummyimage.com/243x145.png/cc0000/ffffff'),('PROD150','http://dummyimage.com/140x218.png/cc0000/ffffff'),('PROD151','http://dummyimage.com/183x245.png/5fa2dd/ffffff'),('PROD152','http://dummyimage.com/102x233.png/cc0000/ffffff'),('PROD153','http://dummyimage.com/115x163.png/ff4444/ffffff'),('PROD154',NULL),('PROD155','http://dummyimage.com/246x153.png/dddddd/000000'),('PROD156','http://dummyimage.com/165x248.png/ff4444/ffffff'),('PROD157','http://dummyimage.com/192x200.png/cc0000/ffffff'),('PROD158','http://dummyimage.com/191x205.png/cc0000/ffffff'),('PROD159','http://dummyimage.com/113x231.png/ff4444/ffffff'),('PROD160',NULL),('PROD161','http://dummyimage.com/225x217.png/dddddd/000000'),('PROD162','http://dummyimage.com/246x247.png/cc0000/ffffff'),('PROD163','http://dummyimage.com/155x127.png/dddddd/000000'),('PROD164','http://dummyimage.com/174x246.png/dddddd/000000'),('PROD165','http://dummyimage.com/208x214.png/cc0000/ffffff'),('PROD166','http://dummyimage.com/250x234.png/dddddd/000000'),('PROD167','http://dummyimage.com/242x236.png/ff4444/ffffff'),('PROD168','http://dummyimage.com/178x230.png/cc0000/ffffff'),('PROD169','http://dummyimage.com/227x104.png/ff4444/ffffff'),('PROD170','http://dummyimage.com/185x113.png/dddddd/000000'),('PROD171','http://dummyimage.com/237x164.png/ff4444/ffffff'),('PROD172','http://dummyimage.com/243x175.png/ff4444/ffffff'),('PROD173','http://dummyimage.com/190x224.png/cc0000/ffffff'),('PROD174','http://dummyimage.com/135x174.png/cc0000/ffffff'),('PROD175','http://dummyimage.com/226x172.png/5fa2dd/ffffff'),('PROD176','http://dummyimage.com/189x163.png/ff4444/ffffff'),('PROD177','http://dummyimage.com/122x226.png/dddddd/000000'),('PROD178','http://dummyimage.com/222x145.png/5fa2dd/ffffff'),('PROD179','http://dummyimage.com/145x122.png/ff4444/ffffff'),('PROD180','http://dummyimage.com/160x239.png/5fa2dd/ffffff'),('PROD181','http://dummyimage.com/162x161.png/dddddd/000000'),('PROD182','http://dummyimage.com/102x176.png/ff4444/ffffff'),('PROD183','http://dummyimage.com/164x138.png/cc0000/ffffff'),('PROD184','http://dummyimage.com/154x117.png/cc0000/ffffff'),('PROD185','http://dummyimage.com/118x182.png/5fa2dd/ffffff'),('PROD186','http://dummyimage.com/203x183.png/cc0000/ffffff'),('PROD187','http://dummyimage.com/204x199.png/5fa2dd/ffffff'),('PROD188','http://dummyimage.com/139x147.png/dddddd/000000'),('PROD189','http://dummyimage.com/229x249.png/ff4444/ffffff'),('PROD190','http://dummyimage.com/229x204.png/dddddd/000000'),('PROD191','http://dummyimage.com/206x179.png/cc0000/ffffff'),('PROD192',NULL),('PROD193','http://dummyimage.com/239x122.png/dddddd/000000'),('PROD194','http://dummyimage.com/192x124.png/5fa2dd/ffffff'),('PROD195','http://dummyimage.com/204x183.png/dddddd/000000'),('PROD196','http://dummyimage.com/146x189.png/cc0000/ffffff'),('PROD197','http://dummyimage.com/137x233.png/ff4444/ffffff'),('PROD198','http://dummyimage.com/133x178.png/5fa2dd/ffffff'),('PROD199','http://dummyimage.com/207x166.png/dddddd/000000'),('PROD200','http://dummyimage.com/228x209.png/ff4444/ffffff'),('PROD201','http://dummyimage.com/201x187.png/cc0000/ffffff'),('PROD202','http://dummyimage.com/182x198.png/cc0000/ffffff'),('PROD203','http://dummyimage.com/209x132.png/ff4444/ffffff'),('PROD204','http://dummyimage.com/170x180.png/5fa2dd/ffffff'),('PROD205','http://dummyimage.com/182x217.png/cc0000/ffffff'),('PROD206','http://dummyimage.com/111x194.png/cc0000/ffffff'),('PROD207','http://dummyimage.com/114x147.png/5fa2dd/ffffff'),('PROD208','http://dummyimage.com/162x140.png/dddddd/000000'),('PROD209','http://dummyimage.com/144x108.png/cc0000/ffffff'),('PROD210','http://dummyimage.com/154x156.png/ff4444/ffffff'),('PROD211','http://dummyimage.com/229x143.png/5fa2dd/ffffff'),('PROD212','http://dummyimage.com/168x236.png/cc0000/ffffff'),('PROD213','http://dummyimage.com/177x204.png/cc0000/ffffff'),('PROD214','http://dummyimage.com/206x139.png/5fa2dd/ffffff'),('PROD215','http://dummyimage.com/147x140.png/dddddd/000000'),('PROD216',NULL),('PROD217','http://dummyimage.com/222x173.png/dddddd/000000'),('PROD218','http://dummyimage.com/226x203.png/cc0000/ffffff'),('PROD219','http://dummyimage.com/209x224.png/cc0000/ffffff'),('PROD220','http://dummyimage.com/155x233.png/dddddd/000000'),('PROD221',NULL),('PROD222','http://dummyimage.com/173x162.png/cc0000/ffffff'),('PROD223','http://dummyimage.com/216x124.png/cc0000/ffffff'),('PROD224','http://dummyimage.com/109x243.png/cc0000/ffffff'),('PROD225','http://dummyimage.com/122x181.png/5fa2dd/ffffff'),('PROD226','http://dummyimage.com/147x147.png/5fa2dd/ffffff'),('PROD227','http://dummyimage.com/194x151.png/ff4444/ffffff'),('PROD228','http://dummyimage.com/168x250.png/dddddd/000000'),('PROD229','http://dummyimage.com/156x230.png/5fa2dd/ffffff'),('PROD230','http://dummyimage.com/199x212.png/5fa2dd/ffffff'),('PROD231','http://dummyimage.com/106x238.png/cc0000/ffffff'),('PROD232','http://dummyimage.com/173x130.png/cc0000/ffffff'),('PROD233','http://dummyimage.com/128x110.png/cc0000/ffffff'),('PROD234','http://dummyimage.com/132x157.png/cc0000/ffffff'),('PROD235','http://dummyimage.com/211x244.png/ff4444/ffffff'),('PROD236','http://dummyimage.com/190x240.png/ff4444/ffffff'),('PROD237','http://dummyimage.com/121x180.png/cc0000/ffffff'),('PROD238','http://dummyimage.com/207x132.png/dddddd/000000'),('PROD239','http://dummyimage.com/207x230.png/cc0000/ffffff'),('PROD240','http://dummyimage.com/136x159.png/ff4444/ffffff'),('PROD241','http://dummyimage.com/233x231.png/cc0000/ffffff'),('PROD242','http://dummyimage.com/129x165.png/dddddd/000000'),('PROD243','http://dummyimage.com/142x164.png/dddddd/000000'),('PROD244','http://dummyimage.com/159x229.png/ff4444/ffffff'),('PROD245','http://dummyimage.com/243x242.png/dddddd/000000'),('PROD246','http://dummyimage.com/115x162.png/dddddd/000000'),('PROD247',NULL),('PROD248','http://dummyimage.com/183x146.png/dddddd/000000'),('PROD249','http://dummyimage.com/136x186.png/5fa2dd/ffffff'),('PROD250','http://dummyimage.com/231x107.png/cc0000/ffffff'),('PROD251','http://dummyimage.com/212x100.png/dddddd/000000'),('PROD252','http://dummyimage.com/122x148.png/cc0000/ffffff'),('PROD253',NULL),('PROD254','http://dummyimage.com/213x137.png/5fa2dd/ffffff'),('PROD255','http://dummyimage.com/189x206.png/ff4444/ffffff'),('PROD256','http://dummyimage.com/107x216.png/ff4444/ffffff'),('PROD257','http://dummyimage.com/165x242.png/ff4444/ffffff'),('PROD258','http://dummyimage.com/156x131.png/cc0000/ffffff'),('PROD259','http://dummyimage.com/118x207.png/dddddd/000000'),('PROD260','http://dummyimage.com/205x228.png/cc0000/ffffff'),('PROD261','http://dummyimage.com/201x161.png/ff4444/ffffff'),('PROD262','http://dummyimage.com/194x134.png/5fa2dd/ffffff'),('PROD263','http://dummyimage.com/206x187.png/5fa2dd/ffffff'),('PROD264','http://dummyimage.com/143x148.png/5fa2dd/ffffff'),('PROD265','http://dummyimage.com/164x118.png/ff4444/ffffff'),('PROD266','http://dummyimage.com/226x186.png/dddddd/000000'),('PROD267','http://dummyimage.com/172x105.png/dddddd/000000'),('PROD268','http://dummyimage.com/102x237.png/ff4444/ffffff'),('PROD269','http://dummyimage.com/161x221.png/cc0000/ffffff'),('PROD270','http://dummyimage.com/214x234.png/dddddd/000000'),('PROD271','http://dummyimage.com/190x125.png/cc0000/ffffff'),('PROD272','http://dummyimage.com/145x196.png/dddddd/000000'),('PROD273','http://dummyimage.com/174x214.png/cc0000/ffffff'),('PROD274','http://dummyimage.com/151x143.png/cc0000/ffffff'),('PROD275','http://dummyimage.com/237x233.png/dddddd/000000'),('PROD276','http://dummyimage.com/208x139.png/ff4444/ffffff'),('PROD277','http://dummyimage.com/146x244.png/ff4444/ffffff'),('PROD278','http://dummyimage.com/192x133.png/ff4444/ffffff'),('PROD279','http://dummyimage.com/168x235.png/dddddd/000000'),('PROD280','http://dummyimage.com/239x182.png/ff4444/ffffff'),('PROD281','http://dummyimage.com/186x166.png/5fa2dd/ffffff'),('PROD282','http://dummyimage.com/125x137.png/cc0000/ffffff'),('PROD283','http://dummyimage.com/102x203.png/cc0000/ffffff'),('PROD284','http://dummyimage.com/117x197.png/cc0000/ffffff'),('PROD285','http://dummyimage.com/110x221.png/ff4444/ffffff'),('PROD286','http://dummyimage.com/228x235.png/5fa2dd/ffffff'),('PROD287',NULL),('PROD288','http://dummyimage.com/243x147.png/cc0000/ffffff'),('PROD289','http://dummyimage.com/205x177.png/cc0000/ffffff'),('PROD290','http://dummyimage.com/237x115.png/ff4444/ffffff'),('PROD291','http://dummyimage.com/187x220.png/dddddd/000000'),('PROD292','http://dummyimage.com/211x173.png/5fa2dd/ffffff'),('PROD293','http://dummyimage.com/230x204.png/cc0000/ffffff'),('PROD294','http://dummyimage.com/135x217.png/5fa2dd/ffffff'),('PROD295','http://dummyimage.com/220x153.png/cc0000/ffffff'),('PROD296',NULL),('PROD297','http://dummyimage.com/127x136.png/5fa2dd/ffffff'),('PROD298','http://dummyimage.com/211x120.png/cc0000/ffffff'),('PROD299','http://dummyimage.com/209x126.png/ff4444/ffffff'),('PROD300','http://dummyimage.com/135x154.png/cc0000/ffffff');
/*!40000 ALTER TABLE `product_image` ENABLE KEYS */;
UNLOCK TABLES;

--
-- Table structure for table `shipper`
--

DROP TABLE IF EXISTS `shipper`;
/*!40101 SET @saved_cs_client     = @@character_set_client */;
/*!50503 SET character_set_client = utf8mb4 */;
CREATE TABLE `shipper` (
  `shipper_id` varchar(10) NOT NULL,
  `shipper_name` varchar(50) NOT NULL,
  PRIMARY KEY (`shipper_id`)
) ENGINE=InnoDB DEFAULT CHARSET=utf8mb4 COLLATE=utf8mb4_0900_ai_ci;
/*!40101 SET character_set_client = @saved_cs_client */;

--
-- Dumping data for table `shipper`
--

LOCK TABLES `shipper` WRITE;
/*!40000 ALTER TABLE `shipper` DISABLE KEYS */;
INSERT INTO `shipper` VALUES ('SHIPPER001','Maren Faloon'),('SHIPPER002','Wade Thominga'),('SHIPPER003','Donnell Keighly'),('SHIPPER004','Helaina Gaudin'),('SHIPPER005','Karie Crudginton'),('SHIPPER006','Flore Grassot'),('SHIPPER007','Adeline Rootes'),('SHIPPER008','Eziechiele Creeghan'),('SHIPPER009','Rosy Fierro'),('SHIPPER010','Lorne Gallop'),('SHIPPER011','Veronica Hasselby'),('SHIPPER012','Giacobo Cicchinelli'),('SHIPPER013','Boniface Hance'),('SHIPPER014','Ross Kleingrub'),('SHIPPER015','Rafaellle Eathorne'),('SHIPPER016','Nappie Suter'),('SHIPPER017','Blanch Fernanando'),('SHIPPER018','Jenilee Authers'),('SHIPPER019','Redd Pinfold'),('SHIPPER020','Alys Boyes'),('SHIPPER021','Victoir Boldra'),('SHIPPER022','Ruttger Rodinger'),('SHIPPER023','Nadya Esome'),('SHIPPER024','Francis Dalligan'),('SHIPPER025','Marjorie Blant'),('SHIPPER026','Emerson M\'Chirrie'),('SHIPPER027','Tilda Carratt'),('SHIPPER028','Kim Doelle'),('SHIPPER029','Brigit Kuhwald'),('SHIPPER030','Sabine Jarnell'),('SHIPPER031','Hanson Bennedick'),('SHIPPER032','Arda Quinell'),('SHIPPER033','Brantley Knuckles'),('SHIPPER034','Giana Ferrige'),('SHIPPER035','Danila Renard'),('SHIPPER036','Tabbie Strangward'),('SHIPPER037','Silas Hulburd'),('SHIPPER038','Timmie Brason'),('SHIPPER039','Perle Maiden'),('SHIPPER040','Tallie Lancley'),('SHIPPER041','Michaelina Bohl'),('SHIPPER042','Tobe Leare'),('SHIPPER043','Dale Van der Hoven'),('SHIPPER044','Cordell Harewood'),('SHIPPER045','Cathyleen Wanell'),('SHIPPER046','Maddi Thoday'),('SHIPPER047','Marta Burnhard'),('SHIPPER048','Barby Dulanty'),('SHIPPER049','Ricoriki Ferriby'),('SHIPPER050','Bucky Matteucci'),('SHIPPER051','Ana Meys'),('SHIPPER052','Jeanelle Guilliland'),('SHIPPER053','Oralee Earry'),('SHIPPER054','Ansley Pfertner'),('SHIPPER055','Olimpia Starr'),('SHIPPER056','Abner Ox'),('SHIPPER057','Alric Iacovo'),('SHIPPER058','Brittney Gheeorghie'),('SHIPPER059','Bar McKitterick'),('SHIPPER060','Corrie Elsby'),('SHIPPER061','Odie Nears'),('SHIPPER062','Kermie Heaseman'),('SHIPPER063','Noel Eberle'),('SHIPPER064','Lombard Arniz'),('SHIPPER065','Lorenza Gentery'),('SHIPPER066','Thorin Rainey'),('SHIPPER067','Esme Rowlatt'),('SHIPPER068','Mandi Rau'),('SHIPPER069','Kort Wadmore'),('SHIPPER070','Everard Creaser'),('SHIPPER071','Hobard Golt'),('SHIPPER072','Dani Thresh'),('SHIPPER073','Nicoline Waplington'),('SHIPPER074','Lotti Dudson'),('SHIPPER075','Carine Linch'),('SHIPPER076','Teddi Shortall'),('SHIPPER077','Dene Mathevet'),('SHIPPER078','Constantina Decort'),('SHIPPER079','Gerda Bonifazio'),('SHIPPER080','Nicole Chmiel'),('SHIPPER081','Reuben Braiden'),('SHIPPER082','Sandy Spriggen'),('SHIPPER083','Beckie Leslie'),('SHIPPER084','Alon Bygrave'),('SHIPPER085','Papagena Alger'),('SHIPPER086','Nataniel Rigby'),('SHIPPER087','Jackquelin Hachard'),('SHIPPER088','Susette Beahan'),('SHIPPER089','Celie Mathy'),('SHIPPER090','Isacco Polycote'),('SHIPPER091','Katya Hum'),('SHIPPER092','Dorette Brecknock'),('SHIPPER093','Vergil McShirie'),('SHIPPER094','Vina Maycey'),('SHIPPER095','Vere Holtum'),('SHIPPER096','Fredi Stonehewer'),('SHIPPER097','Chev Calderbank'),('SHIPPER098','Karleen Gunbie'),('SHIPPER099','Yancy Luckhurst'),('SHIPPER100','Elicia Collis');
/*!40000 ALTER TABLE `shipper` ENABLE KEYS */;
UNLOCK TABLES;

--
-- Table structure for table `transaction`
--

DROP TABLE IF EXISTS `transaction`;
/*!40101 SET @saved_cs_client     = @@character_set_client */;
/*!50503 SET character_set_client = utf8mb4 */;
CREATE TABLE `transaction` (
  `transaction_id` varchar(8) NOT NULL,
  `customer_id` varchar(7) DEFAULT NULL,
  `date-time` date NOT NULL,
  `amount` int NOT NULL,
  `credit_debit_status` varchar(6) DEFAULT NULL,
  PRIMARY KEY (`transaction_id`),
  KEY `customer_id` (`customer_id`),
  CONSTRAINT `transaction_ibfk_1` FOREIGN KEY (`customer_id`) REFERENCES `customer` (`customer_id`)
) ENGINE=InnoDB DEFAULT CHARSET=utf8mb4 COLLATE=utf8mb4_0900_ai_ci;
/*!40101 SET character_set_client = @saved_cs_client */;

--
-- Dumping data for table `transaction`
--

LOCK TABLES `transaction` WRITE;
/*!40000 ALTER TABLE `transaction` DISABLE KEYS */;
INSERT INTO `transaction` VALUES ('TRANS001','CUST498','2016-01-26',9303,'Debit'),('TRANS002','CUST443','2015-10-03',7404,'Credit'),('TRANS003','CUST054','2015-12-02',5901,'Credit'),('TRANS004','CUST320','2018-04-28',2830,'Credit'),('TRANS005','CUST370','2017-11-12',603,'Credit'),('TRANS006','CUST300','2015-11-20',4103,'Debit'),('TRANS007','CUST021','2022-08-21',7190,'Debit'),('TRANS008','CUST322','2015-09-19',1538,'Credit'),('TRANS009','CUST493','2022-07-13',4234,'Credit'),('TRANS010','CUST338','2016-09-01',271,'Credit'),('TRANS011','CUST480','2016-02-19',2957,'Debit'),('TRANS012','CUST400','2015-05-05',4124,'Credit'),('TRANS013','CUST497','2017-11-05',8064,'Credit'),('TRANS014','CUST189','2016-11-11',6416,'Debit'),('TRANS015','CUST401','2016-12-09',6009,'Debit'),('TRANS016','CUST021','2020-11-01',2219,'Credit'),('TRANS017','CUST031','2017-07-14',3565,'Debit'),('TRANS018','CUST116','2017-01-04',1117,'Debit'),('TRANS019','CUST362','2021-06-07',5521,'Credit'),('TRANS020','CUST045','2018-07-15',7424,'Debit'),('TRANS021','CUST444','2022-03-03',7557,'Credit'),('TRANS022','CUST500','2017-09-07',1314,'Debit'),('TRANS023','CUST373','2019-01-29',8323,'Debit'),('TRANS024','CUST482','2022-03-27',7863,'Credit'),('TRANS025','CUST014','2018-03-15',7660,'Credit'),('TRANS026','CUST152','2015-07-14',2407,'Credit'),('TRANS027','CUST320','2021-03-30',5524,'Credit'),('TRANS028','CUST072','2019-12-27',4035,'Debit'),('TRANS029','CUST234','2016-12-17',5293,'Credit'),('TRANS030','CUST122','2017-06-19',3151,'Credit'),('TRANS031','CUST123','2016-06-29',6491,'Credit'),('TRANS032','CUST168','2019-09-09',8179,'Debit'),('TRANS033','CUST374','2015-12-08',4810,'Credit'),('TRANS034','CUST080','2017-02-26',3336,'Credit'),('TRANS035','CUST204','2016-02-19',7352,'Debit'),('TRANS036','CUST198','2017-10-21',1964,'Credit'),('TRANS037','CUST180','2019-02-27',3030,'Debit'),('TRANS038','CUST228','2020-04-12',8654,'Debit'),('TRANS039','CUST049','2018-07-22',2584,'Credit'),('TRANS040','CUST174','2021-11-08',1143,'Credit'),('TRANS041','CUST236','2015-09-27',6981,'Debit'),('TRANS042','CUST396','2015-10-11',1868,'Debit'),('TRANS043','CUST389','2020-05-06',8178,'Debit'),('TRANS044','CUST362','2021-03-20',2221,'Debit'),('TRANS045','CUST240','2018-05-14',771,'Debit'),('TRANS046','CUST154','2020-03-13',7839,'Debit'),('TRANS047','CUST199','2019-09-12',6865,'Credit'),('TRANS048','CUST159','2016-03-14',1450,'Credit'),('TRANS049','CUST094','2020-07-05',1431,'Debit'),('TRANS050','CUST310','2018-11-08',6995,'Credit'),('TRANS051','CUST282','2019-01-10',4763,'Credit'),('TRANS052','CUST424','2016-04-16',9444,'Credit'),('TRANS053','CUST098','2019-10-06',3049,'Debit'),('TRANS054','CUST332','2021-05-07',6728,'Credit'),('TRANS055','CUST455','2022-08-29',2400,'Credit'),('TRANS056','CUST015','2016-01-31',2479,'Credit'),('TRANS057','CUST076','2021-03-20',5235,'Debit'),('TRANS058','CUST267','2022-10-08',1892,'Debit'),('TRANS059','CUST449','2016-11-18',1022,'Debit'),('TRANS060','CUST410','2020-11-16',7771,'Debit'),('TRANS061','CUST465','2021-01-21',5074,'Credit'),('TRANS062','CUST174','2017-02-04',7963,'Debit'),('TRANS063','CUST418','2019-05-03',9038,'Debit'),('TRANS064','CUST441','2021-12-26',3420,'Debit'),('TRANS065','CUST447','2020-11-01',5453,'Credit'),('TRANS066','CUST142','2020-04-01',6311,'Credit'),('TRANS067','CUST290','2016-01-03',2413,'Debit'),('TRANS068','CUST144','2017-10-10',7121,'Debit'),('TRANS069','CUST375','2015-12-31',5652,'Debit'),('TRANS070','CUST034','2019-06-19',7931,'Debit'),('TRANS071','CUST493','2018-07-07',3453,'Credit'),('TRANS072','CUST309','2022-04-12',7372,'Credit'),('TRANS073','CUST407','2019-05-28',3035,'Debit'),('TRANS074','CUST359','2022-07-16',844,'Debit'),('TRANS075','CUST272','2022-02-07',2760,'Credit'),('TRANS076','CUST490','2020-06-30',2732,'Credit'),('TRANS077','CUST053','2021-06-28',5576,'Credit'),('TRANS078','CUST367','2016-08-29',8430,'Debit'),('TRANS079','CUST218','2020-10-16',3460,'Credit'),('TRANS080','CUST354','2022-07-09',3828,'Credit'),('TRANS081','CUST151','2016-10-01',5092,'Credit'),('TRANS082','CUST287','2015-05-04',3248,'Debit'),('TRANS083','CUST186','2016-04-25',3751,'Credit'),('TRANS084','CUST384','2017-04-21',5340,'Debit'),('TRANS085','CUST059','2022-09-05',1864,'Credit'),('TRANS086','CUST485','2022-03-21',4490,'Credit'),('TRANS087','CUST480','2018-11-30',6215,'Credit'),('TRANS088','CUST392','2020-07-05',6841,'Debit'),('TRANS089','CUST262','2019-08-27',9651,'Debit'),('TRANS090','CUST099','2021-07-29',6978,'Credit'),('TRANS091','CUST056','2021-06-04',8732,'Debit'),('TRANS092','CUST174','2022-02-16',8867,'Credit'),('TRANS093','CUST444','2016-05-25',5844,'Credit'),('TRANS094','CUST466','2020-09-14',7670,'Debit'),('TRANS095','CUST345','2020-06-01',3308,'Debit'),('TRANS096','CUST321','2022-09-02',1934,'Debit'),('TRANS097','CUST483','2022-02-09',8108,'Debit'),('TRANS098','CUST084','2021-04-03',3356,'Credit'),('TRANS099','CUST415','2021-07-04',8561,'Credit'),('TRANS100','CUST340','2018-12-06',2022,'Debit'),('TRANS101','CUST359','2016-07-22',7407,'Credit'),('TRANS102','CUST228','2022-11-01',8167,'Credit'),('TRANS103','CUST363','2022-10-18',6326,'Debit'),('TRANS104','CUST066','2019-03-20',2472,'Debit'),('TRANS105','CUST470','2022-07-25',5659,'Credit'),('TRANS106','CUST074','2019-09-29',322,'Debit'),('TRANS107','CUST221','2020-07-29',3546,'Credit'),('TRANS108','CUST167','2018-08-22',733,'Debit'),('TRANS109','CUST429','2022-07-02',2210,'Credit'),('TRANS110','CUST472','2021-01-11',32,'Credit'),('TRANS111','CUST279','2016-09-11',5717,'Credit'),('TRANS112','CUST029','2019-05-11',4352,'Credit'),('TRANS113','CUST490','2015-12-15',4338,'Debit'),('TRANS114','CUST225','2016-09-07',5002,'Debit'),('TRANS115','CUST129','2019-06-01',1729,'Credit'),('TRANS116','CUST189','2015-02-17',9887,'Debit'),('TRANS117','CUST044','2021-07-04',1760,'Credit'),('TRANS118','CUST251','2022-12-22',6626,'Credit'),('TRANS119','CUST200','2021-12-08',5922,'Credit'),('TRANS120','CUST109','2015-10-06',535,'Debit'),('TRANS121','CUST107','2020-09-28',1298,'Credit'),('TRANS122','CUST415','2016-08-29',4440,'Credit'),('TRANS123','CUST040','2021-02-23',3914,'Debit'),('TRANS124','CUST258','2019-03-22',3444,'Credit'),('TRANS125','CUST291','2015-01-23',4769,'Credit'),('TRANS126','CUST351','2022-06-09',4722,'Credit'),('TRANS127','CUST115','2015-02-04',7255,'Debit'),('TRANS128','CUST337','2022-08-11',1094,'Debit'),('TRANS129','CUST232','2016-07-18',26,'Credit'),('TRANS130','CUST088','2016-05-20',3681,'Debit'),('TRANS131','CUST125','2020-12-11',5938,'Debit'),('TRANS132','CUST304','2018-05-28',3245,'Debit'),('TRANS133','CUST123','2021-09-08',3642,'Credit'),('TRANS134','CUST413','2016-12-12',6655,'Credit'),('TRANS135','CUST460','2018-12-22',9979,'Debit'),('TRANS136','CUST080','2017-12-03',1284,'Debit'),('TRANS137','CUST483','2015-10-10',1863,'Debit'),('TRANS138','CUST480','2017-03-21',1197,'Debit'),('TRANS139','CUST498','2016-12-28',9624,'Debit'),('TRANS140','CUST089','2018-01-11',2851,'Credit'),('TRANS141','CUST093','2015-11-19',2502,'Debit'),('TRANS142','CUST370','2022-01-16',2387,'Credit'),('TRANS143','CUST190','2020-02-02',8258,'Debit'),('TRANS144','CUST037','2022-01-03',7190,'Debit'),('TRANS145','CUST370','2022-11-29',5309,'Credit'),('TRANS146','CUST042','2022-04-12',9767,'Credit'),('TRANS147','CUST467','2021-06-08',4893,'Credit'),('TRANS148','CUST498','2021-07-26',6236,'Credit'),('TRANS149','CUST419','2020-04-06',8598,'Debit'),('TRANS150','CUST030','2015-11-08',4466,'Credit'),('TRANS151','CUST427','2016-12-11',1283,'Credit'),('TRANS152','CUST066','2018-03-15',5536,'Debit'),('TRANS153','CUST133','2022-07-27',9909,'Credit'),('TRANS154','CUST120','2021-04-21',4373,'Debit'),('TRANS155','CUST401','2021-10-19',6765,'Credit'),('TRANS156','CUST455','2021-01-26',1410,'Debit'),('TRANS157','CUST396','2022-07-28',1538,'Credit'),('TRANS158','CUST348','2017-06-14',433,'Debit'),('TRANS159','CUST049','2021-03-05',9161,'Credit'),('TRANS160','CUST280','2015-03-03',7344,'Debit'),('TRANS161','CUST183','2016-06-04',3928,'Debit'),('TRANS162','CUST179','2019-04-11',1831,'Credit'),('TRANS163','CUST327','2015-05-04',5032,'Debit'),('TRANS164','CUST129','2016-08-10',9549,'Debit'),('TRANS165','CUST034','2016-01-09',4875,'Debit'),('TRANS166','CUST492','2015-03-26',7711,'Credit'),('TRANS167','CUST431','2017-03-10',6839,'Credit'),('TRANS168','CUST160','2019-03-20',3034,'Debit'),('TRANS169','CUST040','2015-11-12',8604,'Credit'),('TRANS170','CUST168','2021-06-02',1878,'Debit'),('TRANS171','CUST403','2019-07-28',5476,'Debit'),('TRANS172','CUST395','2016-05-18',5655,'Credit'),('TRANS173','CUST406','2020-10-30',7369,'Debit'),('TRANS174','CUST349','2017-07-14',3166,'Debit'),('TRANS175','CUST237','2016-05-15',6663,'Debit'),('TRANS176','CUST209','2017-01-11',2779,'Credit'),('TRANS177','CUST246','2015-08-03',4055,'Credit'),('TRANS178','CUST387','2016-09-20',6342,'Credit'),('TRANS179','CUST285','2019-07-18',2183,'Credit'),('TRANS180','CUST457','2018-02-02',2615,'Credit'),('TRANS181','CUST383','2015-04-01',9980,'Debit'),('TRANS182','CUST390','2017-10-26',1052,'Debit'),('TRANS183','CUST434','2015-04-15',1850,'Debit'),('TRANS184','CUST198','2022-12-24',5153,'Credit'),('TRANS185','CUST023','2022-05-04',1708,'Credit'),('TRANS186','CUST250','2020-05-18',7234,'Credit'),('TRANS187','CUST161','2022-06-07',5639,'Debit'),('TRANS188','CUST196','2018-09-05',6349,'Credit'),('TRANS189','CUST043','2019-06-30',4557,'Debit'),('TRANS190','CUST149','2018-08-22',7391,'Credit'),('TRANS191','CUST192','2016-04-19',4344,'Credit'),('TRANS192','CUST475','2019-11-17',8571,'Debit'),('TRANS193','CUST458','2017-10-19',6064,'Credit'),('TRANS194','CUST176','2022-11-28',4201,'Credit'),('TRANS195','CUST340','2020-05-17',591,'Debit'),('TRANS196','CUST050','2021-06-18',7901,'Debit'),('TRANS197','CUST094','2019-01-24',8154,'Credit'),('TRANS198','CUST494','2022-03-31',3582,'Credit'),('TRANS199','CUST455','2019-01-04',437,'Debit'),('TRANS200','CUST201','2015-04-11',758,'Credit'),('TRANS201','CUST208','2022-08-07',8547,'Debit'),('TRANS202','CUST172','2022-03-26',3395,'Credit'),('TRANS203','CUST185','2015-10-25',1055,'Credit'),('TRANS204','CUST246','2018-02-15',2634,'Credit'),('TRANS205','CUST008','2018-03-03',1687,'Credit'),('TRANS206','CUST477','2015-12-02',823,'Debit'),('TRANS207','CUST178','2017-12-14',363,'Debit'),('TRANS208','CUST006','2015-09-13',9340,'Credit'),('TRANS209','CUST184','2017-02-02',9008,'Credit'),('TRANS210','CUST111','2022-07-12',4822,'Credit'),('TRANS211','CUST196','2017-03-26',2894,'Debit'),('TRANS212','CUST235','2021-12-15',17,'Debit'),('TRANS213','CUST216','2021-05-01',8697,'Debit'),('TRANS214','CUST265','2016-02-04',2943,'Credit'),('TRANS215','CUST161','2019-10-18',5814,'Debit'),('TRANS216','CUST269','2019-11-12',4519,'Debit'),('TRANS217','CUST292','2020-01-31',9137,'Credit'),('TRANS218','CUST499','2017-10-04',6408,'Debit'),('TRANS219','CUST304','2022-12-20',2551,'Credit'),('TRANS220','CUST121','2019-04-10',2544,'Credit'),('TRANS221','CUST198','2015-07-30',620,'Credit'),('TRANS222','CUST364','2018-07-14',6009,'Credit'),('TRANS223','CUST087','2021-08-21',931,'Debit'),('TRANS224','CUST076','2018-07-11',1439,'Credit'),('TRANS225','CUST434','2020-04-24',5328,'Debit'),('TRANS226','CUST191','2021-12-04',2570,'Debit'),('TRANS227','CUST393','2016-04-03',5520,'Credit'),('TRANS228','CUST010','2016-08-02',3278,'Credit'),('TRANS229','CUST232','2020-04-04',9030,'Debit'),('TRANS230','CUST279','2022-01-31',6677,'Debit'),('TRANS231','CUST188','2021-12-15',4608,'Credit'),('TRANS232','CUST412','2017-01-18',2007,'Credit'),('TRANS233','CUST272','2015-11-24',9534,'Credit'),('TRANS234','CUST457','2022-07-22',1551,'Credit'),('TRANS235','CUST137','2016-02-03',4777,'Debit'),('TRANS236','CUST051','2017-02-06',3716,'Debit'),('TRANS237','CUST142','2016-02-27',1834,'Credit'),('TRANS238','CUST279','2020-03-02',1285,'Debit'),('TRANS239','CUST118','2017-01-04',5023,'Debit'),('TRANS240','CUST402','2017-06-18',3734,'Debit'),('TRANS241','CUST385','2018-07-12',2313,'Credit'),('TRANS242','CUST311','2017-12-17',2039,'Credit'),('TRANS243','CUST289','2020-08-31',8370,'Credit'),('TRANS244','CUST170','2018-08-21',4002,'Credit'),('TRANS245','CUST035','2015-01-24',3477,'Credit'),('TRANS246','CUST370','2016-10-15',8532,'Debit'),('TRANS247','CUST152','2016-09-07',5359,'Credit'),('TRANS248','CUST309','2021-11-13',307,'Debit'),('TRANS249','CUST242','2019-05-17',9020,'Credit'),('TRANS250','CUST481','2020-06-19',5245,'Credit'),('TRANS251','CUST236','2019-08-03',3698,'Credit'),('TRANS252','CUST228','2018-01-23',9492,'Debit'),('TRANS253','CUST213','2021-05-17',5345,'Credit'),('TRANS254','CUST232','2019-10-18',9126,'Debit'),('TRANS255','CUST207','2020-02-26',2656,'Debit'),('TRANS256','CUST346','2017-03-18',5976,'Credit'),('TRANS257','CUST216','2017-10-31',592,'Debit'),('TRANS258','CUST185','2017-05-26',9736,'Credit'),('TRANS259','CUST256','2019-01-20',821,'Debit'),('TRANS260','CUST191','2015-02-03',5450,'Credit'),('TRANS261','CUST437','2017-11-14',556,'Credit'),('TRANS262','CUST474','2017-09-04',926,'Debit'),('TRANS263','CUST077','2018-05-22',3026,'Debit'),('TRANS264','CUST449','2015-08-24',1824,'Credit'),('TRANS265','CUST415','2016-11-01',3802,'Credit'),('TRANS266','CUST470','2017-11-18',9275,'Debit'),('TRANS267','CUST480','2019-01-03',3243,'Debit'),('TRANS268','CUST133','2019-11-01',7020,'Debit'),('TRANS269','CUST402','2022-10-16',5891,'Debit'),('TRANS270','CUST003','2020-11-07',8973,'Credit'),('TRANS271','CUST307','2021-08-16',3111,'Debit'),('TRANS272','CUST165','2015-02-25',6089,'Debit'),('TRANS273','CUST115','2019-04-24',5514,'Credit'),('TRANS274','CUST016','2015-12-27',3438,'Credit'),('TRANS275','CUST137','2015-12-09',5078,'Debit'),('TRANS276','CUST094','2017-01-29',6643,'Debit'),('TRANS277','CUST050','2022-01-11',9210,'Credit'),('TRANS278','CUST407','2022-02-19',6655,'Debit'),('TRANS279','CUST159','2019-08-22',3072,'Credit'),('TRANS280','CUST359','2015-01-18',5309,'Credit'),('TRANS281','CUST067','2017-07-24',7215,'Credit'),('TRANS282','CUST475','2017-10-26',1704,'Debit'),('TRANS283','CUST419','2018-01-01',8718,'Credit'),('TRANS284','CUST008','2022-09-27',8852,'Credit'),('TRANS285','CUST350','2016-04-30',1872,'Credit'),('TRANS286','CUST125','2021-08-10',2784,'Debit'),('TRANS287','CUST154','2018-01-14',4056,'Debit'),('TRANS288','CUST264','2021-06-27',9551,'Debit'),('TRANS289','CUST451','2015-03-14',914,'Credit'),('TRANS290','CUST379','2017-07-04',3248,'Credit'),('TRANS291','CUST101','2015-09-01',9812,'Credit'),('TRANS292','CUST134','2019-09-09',9305,'Debit'),('TRANS293','CUST336','2017-04-28',1660,'Debit'),('TRANS294','CUST183','2021-02-25',9966,'Credit'),('TRANS295','CUST387','2021-07-23',1623,'Debit'),('TRANS296','CUST355','2021-08-30',1979,'Credit'),('TRANS297','CUST050','2016-03-12',2026,'Credit'),('TRANS298','CUST490','2017-10-13',1454,'Credit'),('TRANS299','CUST398','2016-04-16',8008,'Credit'),('TRANS300','CUST459','2021-06-07',7245,'Credit');
/*!40000 ALTER TABLE `transaction` ENABLE KEYS */;
UNLOCK TABLES;

--
-- Dumping events for database 'onlineretailstore'
--

--
-- Dumping routines for database 'onlineretailstore'
--
/*!40103 SET TIME_ZONE=@OLD_TIME_ZONE */;

/*!40101 SET SQL_MODE=@OLD_SQL_MODE */;
/*!40014 SET FOREIGN_KEY_CHECKS=@OLD_FOREIGN_KEY_CHECKS */;
/*!40014 SET UNIQUE_CHECKS=@OLD_UNIQUE_CHECKS */;
/*!40101 SET CHARACTER_SET_CLIENT=@OLD_CHARACTER_SET_CLIENT */;
/*!40101 SET CHARACTER_SET_RESULTS=@OLD_CHARACTER_SET_RESULTS */;
/*!40101 SET COLLATION_CONNECTION=@OLD_COLLATION_CONNECTION */;
/*!40111 SET SQL_NOTES=@OLD_SQL_NOTES */;

-- Dump completed on 2023-02-17 22:22:27
